Txn_Hash,Block,Time_UTC,Date,Hour,Weekday,Result,Status,Confirmations,From,To,Token_Contract,Token_Symbol,Token_Name,Amount,Amount_Formatted,Amount_Raw,Decimals,Amount_USD_Estimate,Fee_TRX,Energy_Fee_TRX,Net_Fee_TRX,Total_Cost_TRX,Fee_Limit_TRX,Fee_USDT,Energy_Fee_USDT,Net_Fee_USDT,Total_Cost_USDT,Fee_Limit_USDT,Energy_Usage,Net_Usage,Contract_Type,Contract_Method,Contract_Method_Full,Method_ID,Risk_Transaction,Note_Level,Revert,From_Risk,To_Risk,Any_Risk,From_Tag,To_Tag,From_Exchange,To_Exchange,Exchange_Transaction,Transaction_Type,Token_VIP,Token_Risk,Token_Public_Tag,Token_Official_Name,Token_Tag1,Token_Tag1_URL,Transfer_Count,Multiple_Transfers,Total_Value_Same_Token,Total_USD_All_Transfers,Unique_Tokens_Count,All_Tokens,Validator_Count,Event_Count,Top_Validators,API_Fetch_Time,TRX_Price_Used,Processing_Success
914da02895f8d68361b07e0fe7766b84b72ce4e303987c27442ce11c9664f903,72585414,2025-05-28 06:03:36,2025-05-28,6,Wednesday,SUCCESS,CONFIRMED,569867,TRaa8yHXzJ5FoVqJNxzBFtbUNKaVwXx5E1,TSpAswScHnu6WqJDaZzjWEA4ztPSzPRtPZ,TR7NHqjeKQxGTCi8q8ZY4pL8otSzgjLj6t,USDT,Tether USD,50000.0,50000.000000,50000000000,6,50000.0,0.0,13.49985,0.0,13.49985,13.5366,0.0,3.7022798631,0.0,3.7022798631,3.7123584035999997,64285,345,31,transfer,"transfer(address _to,uint256 _value)",a9059cbb,False,1,False,False,False,False,,,False,False,False,WALLET_TO_WALLET,True,False,USDT Token,TetherToken,USDT Token,https://tron.network/usdt,1,False,50000.0,50000.0,1,USDT,19,1,"Binance Staking,Poloniex,TRONALLIANCE",2025-06-17T01:05:51.454130,0.274246,True
8a634c1b8ffe3bbf62102fca9af3d2b8a411396f6f4f6db5a155ea07d07fbfb1,72628683,2025-05-29 18:08:24,2025-05-29,18,Thursday,SUCCESS,CONFIRMED,526589,TSpAswScHnu6WqJDaZzjWEA4ztPSzPRtPZ,TD2EDnLB2ap5deVpGjkRJXSiUKiRZYVGgE,TR7NHqjeKQxGTCi8q8ZY4pL8otSzgjLj6t,USDT,Tether USD,15000.0,15000.000000,15000000000,6,15000.0,0.0,13.49985,0.345,13.49985,13.5366,0.0,3.7022798631,0.09461486999999999,3.7022798631,3.7123584035999997,64285,0,31,transfer,"transfer(address _to,uint256 _value)",a9059cbb,False,1,False,False,False,False,,,False,False,False,WALLET_TO_WALLET,True,False,USDT Token,TetherToken,USDT Token,https://tron.network/usdt,1,False,15000.0,15000.0,1,USDT,19,1,"metaverse home,Chain Cloud,OKX Earn",2025-06-17T01:05:25.870784,0.274246,True
e1eaa61d95083fb69c014c27ec3bfe894d3e8f17110a518d57ed421462d5cf97,73026810,2025-06-12 14:00:30,2025-06-12,14,Thursday,SUCCESS,CONFIRMED,128427,TSpAswScHnu6WqJDaZzjWEA4ztPSzPRtPZ,TENi9TAqTNgDx82KhkdsZcxhiSoHu7zBXN,TR7NHqjeKQxGTCi8q8ZY4pL8otSzgjLj6t,USDT,Tether USD,5000.0,5000.000000,5000000000,6,5000.0,0.0,27.35985,0.0,27.35985,27.3966,0.0,7.5033294231,0.0,7.5033294231,7.5134079636,130285,345,31,transfer,"transfer(address _to,uint256 _value)",a9059cbb,False,1,False,False,False,False,,,False,False,False,WALLET_TO_WALLET,True,False,USDT Token,TetherToken,USDT Token,https://tron.network/usdt,1,False,5000.0,5000.0,1,USDT,19,1,"HTX.COM,Smart Consensus,Chain Cloud",2025-06-17T01:03:38.520390,0.274246,True
5ff82408541444148ddb318d31d68b881e87cf33dd7e469d6943000d47427962,73034708,2025-06-12 20:35:30,2025-06-12,20,Thursday,SUCCESS,CONFIRMED,120523,TSpAswScHnu6WqJDaZzjWEA4ztPSzPRtPZ,TD2EDnLB2ap5deVpGjkRJXSiUKiRZYVGgE,TR7NHqjeKQxGTCi8q8ZY4pL8otSzgjLj6t,USDT,Tether USD,15000.0,15000.000000,15000000000,6,15000.0,0.0,27.35985,0.345,27.35985,27.3966,0.0,7.5033294231,0.09461486999999999,7.5033294231,7.5134079636,130285,0,31,transfer,"transfer(address _to,uint256 _value)",a9059cbb,False,1,False,False,False,False,,,False,False,False,WALLET_TO_WALLET,True,False,USDT Token,TetherToken,USDT Token,https://tron.network/usdt,1,False,15000.0,15000.0,1,USDT,19,1,"Google Cloud,CryptoGuyInZA,https://nansen.ai",2025-06-17T01:03:21.787222,0.274246,True
cf37f4230bbff7097f7e0bc64471f404cb13cc83121aa4f95f277fa00f4c8655,72525056,2025-05-26 03:44:48,2025-05-26,3,Monday,SUCCESS,CONFIRMED,630230,TRaa8yHXzJ5FoVqJNxzBFtbUNKaVwXx5E1,TSpAswScHnu6WqJDaZzjWEA4ztPSzPRtPZ,TR7NHqjeKQxGTCi8q8ZY4pL8otSzgjLj6t,USDT,Tether USD,50000.0,50000.000000,50000000000,6,50000.0,0.0,13.49985,0.0,13.49985,13.5366,0.0,3.7022798631,0.0,3.7022798631,3.7123584035999997,64285,345,31,transfer,"transfer(address _to,uint256 _value)",a9059cbb,False,1,False,False,False,False,,,False,False,False,WALLET_TO_WALLET,True,False,USDT Token,TetherToken,USDT Token,https://tron.network/usdt,1,False,50000.0,50000.0,1,USDT,19,1,"Google Cloud,CryptoGuyInZA,https://nansen.ai",2025-06-17T01:06:05.547225,0.274246,True
2bc0c1095e993f1b86dbde9c184034dc0f38840aaa7dc5ca1376e3af4b2c77d5,72771115,2025-06-03 16:51:54,2025-06-03,16,Tuesday,SUCCESS,CONFIRMED,384143,TD2ENgzbbYd4BuAWSbhrx1FFabyrgYVGgE,TSpAswScHnu6WqJDaZzjWEA4ztPSzPRtPZ,TR7NHqjeKQxGTCi8q8ZY4pL8otSzgjLj6t,USDT,Tether USD,0.035001,0.035001,35001,6,0.035001,0.0,0.0,0.0,0.0,100.0,0.0,0.0,0.0,0.0,27.424599999999998,64285,347,31,transfer,"transfer(address _to,uint256 _value)",a9059cbb,True,3,False,True,False,True,,,False,False,False,WALLET_TO_WALLET,True,False,USDT Token,TetherToken,USDT Token,https://tron.network/usdt,1,False,0.035001,0.035001,1,USDT,19,1,"Luganodes,Smart Consensus,Crypto Innovation Fund",2025-06-17T01:04:40.696070,0.274246,True
b264bed6dca5642ad5bbf805cdbfedd54bafe46c697ced415b0b914dcf11370f,72474334,2025-05-24 09:28:00,2025-05-24,9,Saturday,SUCCESS,CONFIRMED,680955,TSpAswScHnu6WqJDaZzjWEA4ztPSzPRtPZ,TD2EDnLB2ap5deVpGjkRJXSiUKiRZYVGgE,TR7NHqjeKQxGTCi8q8ZY4pL8otSzgjLj6t,USDT,Tether USD,5000.0,5000.000000,5000000000,6,5000.0,0.0,27.35985,0.0,27.35985,27.3966,0.0,7.5033294231,0.0,7.5033294231,7.5134079636,130285,345,31,transfer,"transfer(address _to,uint256 _value)",a9059cbb,False,1,False,False,False,False,,,False,False,False,WALLET_TO_WALLET,True,False,USDT Token,TetherToken,USDT Token,https://tron.network/usdt,1,False,5000.0,5000.0,1,USDT,19,1,"Kiln_Staking,StakedTron,CryptoChain",2025-06-17T01:06:14.021268,0.274246,True
078f7015b59a98840518cb8f453541eeed33cfffec0166b1dcc8eb41c3754ff4,72803561,2025-06-04 19:54:42,2025-06-04,19,Wednesday,SUCCESS,CONFIRMED,351695,TSpAswScHnu6WqJDaZzjWEA4ztPSzPRtPZ,TD2EDnLB2ap5deVpGjkRJXSiUKiRZYVGgE,TR7NHqjeKQxGTCi8q8ZY4pL8otSzgjLj6t,USDT,Tether USD,30000.0,30000.000000,30000000000,6,30000.0,0.0,27.35985,0.0,27.35985,27.3966,0.0,7.5033294231,0.0,7.5033294231,7.5134079636,130285,345,31,transfer,"transfer(address _to,uint256 _value)",a9059cbb,False,1,False,False,False,False,,,False,False,False,WALLET_TO_WALLET,True,False,USDT Token,TetherToken,USDT Token,https://tron.network/usdt,1,False,30000.0,30000.0,1,USDT,19,1,"HTX.COM,Smart Consensus,BlockchainOrg",2025-06-17T01:04:35.034463,0.274246,True
db2e0498e832c6fe2d35c518cc69be41e25c34944519273aac7dfa88f687d376,72856815,2025-06-06 16:18:06,2025-06-06,16,Friday,SUCCESS,CONFIRMED,298437,TSpAswScHnu6WqJDaZzjWEA4ztPSzPRtPZ,TD2EDnLB2ap5deVpGjkRJXSiUKiRZYVGgE,TR7NHqjeKQxGTCi8q8ZY4pL8otSzgjLj6t,USDT,Tether USD,30000.0,30000.000000,30000000000,6,30000.0,0.0,27.35985,0.0,27.35985,27.3966,0.0,7.5033294231,0.0,7.5033294231,7.5134079636,130285,345,31,transfer,"transfer(address _to,uint256 _value)",a9059cbb,False,1,False,False,False,False,,,False,False,False,WALLET_TO_WALLET,True,False,USDT Token,TetherToken,USDT Token,https://tron.network/usdt,1,False,30000.0,30000.0,1,USDT,19,1,"BlockAnalysis,Luganodes,Crypto Innovation Fund",2025-06-17T01:04:23.690997,0.274246,True
1ee2cceb55b3bb130517a82b7cbf440da1841d8fcfc2ec3e767b5705492ed2dd,73102921,2025-06-15 05:27:03,2025-06-15,5,Sunday,SUCCESS,CONFIRMED,53335,TSpAswScHnu6WqJDaZzjWEA4ztPSzPRtPZ,TH4QQ9uTJP9NhZMPnhzi9zP4V5RrRXsq25,TR7NHqjeKQxGTCi8q8ZY4pL8otSzgjLj6t,USDT,Tether USD,5000.0,5000.000000,5000000000,6,5000.0,0.0,13.49985,0.0,13.49985,13.5366,0.0,3.7022798631,0.0,3.7022798631,3.7123584035999997,64285,345,31,transfer,"transfer(address _to,uint256 _value)",a9059cbb,False,1,False,False,False,False,,,False,False,False,WALLET_TO_WALLET,True,False,USDT Token,TetherToken,USDT Token,https://tron.network/usdt,1,False,5000.0,5000.0,1,USDT,19,1,"https://nansen.ai,OKCoinJapan,Binance Staking",2025-06-17T01:54:35.330741,0.274246,True
cde0a6a932e8d4e2c0b9969bd388836a14c65b7dc3cf7ec2a5ab8f84f4e2a9ee,72973651,2025-06-10 17:41:30,2025-06-10,17,Tuesday,SUCCESS,CONFIRMED,181589,TSpAswScHnu6WqJDaZzjWEA4ztPSzPRtPZ,TD2EDnLB2ap5deVpGjkRJXSiUKiRZYVGgE,TR7NHqjeKQxGTCi8q8ZY4pL8otSzgjLj6t,USDT,Tether USD,5000.0,5000.000000,5000000000,6,5000.0,0.0,13.49985,0.345,13.49985,13.5366,0.0,3.7022798631,0.09461486999999999,3.7022798631,3.7123584035999997,64285,0,31,transfer,"transfer(address _to,uint256 _value)",a9059cbb,False,1,False,False,False,False,,,False,False,False,WALLET_TO_WALLET,True,False,USDT Token,TetherToken,USDT Token,https://tron.network/usdt,1,False,5000.0,5000.0,1,USDT,19,1,"OKX Earn,TronSpark,P2P.ORG",2025-06-17T01:03:46.978803,0.274246,True
dad47c94855282b60f1847da5e8c80addd2cee3459a900219e9071b4c0f40d2e,72300644,2025-05-18 08:40:54,2025-05-18,8,Sunday,SUCCESS,CONFIRMED,854660,TF2GVKwjVchpEWs1TonJW8yP6HAcvAvG93,TSpAswScHnu6WqJDaZzjWEA4ztPSzPRtPZ,TR7NHqjeKQxGTCi8q8ZY4pL8otSzgjLj6t,USDT,Tether USD,50000.0,50000.000000,50000000000,6,50000.0,0.0,13.49985,0.345,13.49985,13.5366,0.0,3.7022798631,0.09461486999999999,3.7022798631,3.7123584035999997,64285,0,31,transfer,"transfer(address _to,uint256 _value)",a9059cbb,False,1,False,False,False,False,,,False,False,False,WALLET_TO_WALLET,True,False,USDT Token,TetherToken,USDT Token,https://tron.network/usdt,1,False,50000.0,50000.0,1,USDT,19,1,"Google Cloud,CryptoGuyInZA,https://nansen.ai",2025-06-17T01:07:00.016709,0.274246,True
126f5decd48cbfdd52fea797e4f75e672e7e20b6f41d536c1997ba47103e5c60,72669835,2025-05-31 04:26:30,2025-05-31,4,Saturday,SUCCESS,CONFIRMED,485434,TSpAswScHnu6WqJDaZzjWEA4ztPSzPRtPZ,TH4QQ9uTJP9NhZMPnhzi9zP4V5RrRXsq25,TR7NHqjeKQxGTCi8q8ZY4pL8otSzgjLj6t,USDT,Tether USD,5000.0,5000.000000,5000000000,6,5000.0,0.0,27.35985,0.0,27.35985,27.3966,0.0,7.5033294231,0.0,7.5033294231,7.5134079636,130285,345,31,transfer,"transfer(address _to,uint256 _value)",a9059cbb,False,1,False,False,False,False,,,False,False,False,WALLET_TO_WALLET,True,False,USDT Token,TetherToken,USDT Token,https://tron.network/usdt,1,False,5000.0,5000.0,1,USDT,19,1,"TRONALLIANCE,Abra Capital Management,Crypto Labs",2025-06-17T01:05:14.686808,0.274246,True
2975f42c113657ef12449c383239a615fe05ce959629257b80338d661499116a,72703225,2025-06-01 08:16:30,2025-06-01,8,Sunday,SUCCESS,CONFIRMED,452041,TSpAswScHnu6WqJDaZzjWEA4ztPSzPRtPZ,TD2EDnLB2ap5deVpGjkRJXSiUKiRZYVGgE,TR7NHqjeKQxGTCi8q8ZY4pL8otSzgjLj6t,USDT,Tether USD,30000.0,30000.000000,30000000000,6,30000.0,0.0,27.35985,0.0,27.35985,27.3966,0.0,7.5033294231,0.0,7.5033294231,7.5134079636,130285,345,31,transfer,"transfer(address _to,uint256 _value)",a9059cbb,False,1,False,False,False,False,,,False,False,False,WALLET_TO_WALLET,True,False,USDT Token,TetherToken,USDT Token,https://tron.network/usdt,1,False,30000.0,30000.0,1,USDT,19,1,"Abra Capital Management,Crypto Labs,BlockAnalysis",2025-06-17T01:05:06.292980,0.274246,True
071dcc4075ec839999048f7cdd28a6945c1164b934cd6a9b226b11f810f644bf,72510716,2025-05-25 15:47:36,2025-05-25,15,Sunday,SUCCESS,CONFIRMED,644570,TSpAswScHnu6WqJDaZzjWEA4ztPSzPRtPZ,TD2EDnLB2ap5deVpGjkRJXSiUKiRZYVGgE,TR7NHqjeKQxGTCi8q8ZY4pL8otSzgjLj6t,USDT,Tether USD,20000.0,20000.000000,20000000000,6,20000.0,0.0,27.35985,0.0,27.35985,27.3966,0.0,7.5033294231,0.0,7.5033294231,7.5134079636,130285,345,31,transfer,"transfer(address _to,uint256 _value)",a9059cbb,False,1,False,False,False,False,,,False,False,False,WALLET_TO_WALLET,True,False,USDT Token,TetherToken,USDT Token,https://tron.network/usdt,1,False,20000.0,20000.0,1,USDT,19,1,"cryptoAI,Google Cloud,TronSpark",2025-06-17T01:06:08.351817,0.274246,True
db9224c70f7c46fa798ff873c368916cebc4063f65f831069ae038085789f3d2,72309753,2025-05-18 16:16:27,2025-05-18,16,Sunday,SUCCESS,CONFIRMED,845548,TSpAswScHnu6WqJDaZzjWEA4ztPSzPRtPZ,TH4QQ9uTJP9NhZMPnhzi9zP4V5RrRXsq25,TR7NHqjeKQxGTCi8q8ZY4pL8otSzgjLj6t,USDT,Tether USD,5000.0,5000.000000,5000000000,6,5000.0,0.0,27.35985,0.0,27.35985,27.3966,0.0,7.5033294231,0.0,7.5033294231,7.5134079636,130285,345,31,transfer,"transfer(address _to,uint256 _value)",a9059cbb,False,1,False,False,False,False,,,False,False,False,WALLET_TO_WALLET,True,False,USDT Token,TetherToken,USDT Token,https://tron.network/usdt,1,False,5000.0,5000.0,1,USDT,19,1,"Crypto Innovation Fund,Chain Cloud,BlockchainOrg",2025-06-17T01:06:51.271120,0.274246,True
e113b6d6d87af08012e044013f8c048274458b547f927665c62334b9b3bc2551,72628550,2025-05-29 18:01:45,2025-05-29,18,Thursday,SUCCESS,CONFIRMED,526724,TSpAswScHnu6WqJDaZzjWEA4ztPSzPRtPZ,TD2EDnLB2ap5deVpGjkRJXSiUKiRZYVGgE,TR7NHqjeKQxGTCi8q8ZY4pL8otSzgjLj6t,USDT,Tether USD,5000.0,5000.000000,5000000000,6,5000.0,0.0,27.35985,0.0,27.35985,27.3966,0.0,7.5033294231,0.0,7.5033294231,7.5134079636,130285,345,31,transfer,"transfer(address _to,uint256 _value)",a9059cbb,False,1,False,False,False,False,,,False,False,False,WALLET_TO_WALLET,True,False,USDT Token,TetherToken,USDT Token,https://tron.network/usdt,1,False,5000.0,5000.0,1,USDT,19,1,"OKX Earn,TronSpark,P2P.ORG",2025-06-17T01:05:31.505413,0.274246,True
0dca93c0d8f643812933483a8e0c3635eaf739d930eacce022347ee4788326cb,72628558,2025-05-29 18:02:09,2025-05-29,18,Thursday,SUCCESS,CONFIRMED,526716,TD2ENgzbbYd4BuAWSbhrx1FFabyrgYVGgE,TSpAswScHnu6WqJDaZzjWEA4ztPSzPRtPZ,TR7NHqjeKQxGTCi8q8ZY4pL8otSzgjLj6t,USDT,Tether USD,0.05001,0.050010,50010,6,0.05001,0.0,0.0,0.0,0.0,100.0,0.0,0.0,0.0,0.0,27.424599999999998,64285,347,31,transfer,"transfer(address _to,uint256 _value)",a9059cbb,True,3,False,True,False,True,,,False,False,False,WALLET_TO_WALLET,True,False,USDT Token,TetherToken,USDT Token,https://tron.network/usdt,1,False,0.05001,0.05001,1,USDT,19,1,"https://nansen.ai,OKCoinJapan,Binance Staking",2025-06-17T01:05:28.696499,0.274246,True
8785f19e85f829a94afd688c80aba7895b09ec5779d3c708a581e8dac1e45c1c,73027115,2025-06-12 14:15:45,2025-06-12,14,Thursday,SUCCESS,CONFIRMED,128120,TF2GVKwjVchpEWs1TonJW8yP6HAcvAvG93,TSpAswScHnu6WqJDaZzjWEA4ztPSzPRtPZ,TR7NHqjeKQxGTCi8q8ZY4pL8otSzgjLj6t,USDT,Tether USD,50000.0,50000.000000,50000000000,6,50000.0,0.0,13.49985,0.345,13.49985,13.5366,0.0,3.7022798631,0.09461486999999999,3.7022798631,3.7123584035999997,64285,0,31,transfer,"transfer(address _to,uint256 _value)",a9059cbb,False,1,False,False,False,False,,,False,False,False,WALLET_TO_WALLET,True,False,USDT Token,TetherToken,USDT Token,https://tron.network/usdt,1,False,50000.0,50000.0,1,USDT,19,1,"Ant Investment Group,metaverse home,OKX Earn",2025-06-17T01:03:32.904480,0.274246,True
112741b53ca53b159d086365b3e5ae2bf1108ec79bbf49b8c3db82f626e94698,72740187,2025-06-02 15:05:06,2025-06-02,15,Monday,SUCCESS,CONFIRMED,415074,TD2ENgzbbYd4BuAWSbhrx1FFabyrgYVGgE,TSpAswScHnu6WqJDaZzjWEA4ztPSzPRtPZ,TR7NHqjeKQxGTCi8q8ZY4pL8otSzgjLj6t,USDT,Tether USD,0.030001,0.030001,30001,6,0.030001,0.0,0.0,0.0,0.0,100.0,0.0,0.0,0.0,0.0,27.424599999999998,64285,347,31,transfer,"transfer(address _to,uint256 _value)",a9059cbb,True,3,False,True,False,True,,,False,False,False,WALLET_TO_WALLET,True,False,USDT Token,TetherToken,USDT Token,https://tron.network/usdt,1,False,0.030001,0.030001,1,USDT,19,1,"BlockchainOrg,Intelligence Quant,Ant Investment Group",2025-06-17T01:04:51.951649,0.274246,True
c9c57c5458086df27415f07040274e60912df70a7ddd9ab3397d6ad226defb02,73111055,2025-06-15 12:13:57,2025-06-15,12,Sunday,SUCCESS,CONFIRMED,45199,TSpAswScHnu6WqJDaZzjWEA4ztPSzPRtPZ,TD2EDnLB2ap5deVpGjkRJXSiUKiRZYVGgE,TR7NHqjeKQxGTCi8q8ZY4pL8otSzgjLj6t,USDT,Tether USD,40000.0,40000.000000,40000000000,6,40000.0,0.0,27.35985,0.345,27.35985,27.3966,0.0,7.5033294231,0.09461486999999999,7.5033294231,7.5134079636,130285,0,31,transfer,"transfer(address _to,uint256 _value)",a9059cbb,False,1,False,False,False,False,,,False,False,False,WALLET_TO_WALLET,True,False,USDT Token,TetherToken,USDT Token,https://tron.network/usdt,1,False,40000.0,40000.0,1,USDT,19,1,"Ant Investment Group,BlockchainOrg,JD Investment",2025-06-17T01:54:29.357225,0.274246,True
36b222b69859235e62f8d00b56289ee75bba1f152a0f1c1122f3a4737ed42db3,72743397,2025-06-02 17:45:36,2025-06-02,17,Monday,SUCCESS,CONFIRMED,411862,TENgZDqLJHrvUKXgcWTNMJY2FJZXu7zBXN,TSpAswScHnu6WqJDaZzjWEA4ztPSzPRtPZ,TR7NHqjeKQxGTCi8q8ZY4pL8otSzgjLj6t,USDT,Tether USD,0.05001,0.050010,50010,6,0.05001,0.0,0.0,0.0,0.0,100.0,0.0,0.0,0.0,0.0,27.424599999999998,64285,345,31,transfer,"transfer(address _to,uint256 _value)",a9059cbb,True,3,False,True,False,True,,,False,False,False,WALLET_TO_WALLET,True,False,USDT Token,TetherToken,USDT Token,https://tron.network/usdt,1,False,0.05001,0.05001,1,USDT,19,1,"cryptoAI,HTX.COM,JD Investment",2025-06-17T01:04:46.366742,0.274246,True
95be82937fcd33a1c927db72d51abcf1e8850ee994e19fb66275cb931f837ab2,72946878,2025-06-09 19:22:33,2025-06-09,19,Monday,SUCCESS,CONFIRMED,208364,TSpAswScHnu6WqJDaZzjWEA4ztPSzPRtPZ,TD2EDnLB2ap5deVpGjkRJXSiUKiRZYVGgE,TR7NHqjeKQxGTCi8q8ZY4pL8otSzgjLj6t,USDT,Tether USD,30000.0,30000.000000,30000000000,6,30000.0,0.0,27.35985,0.0,27.35985,27.3966,0.0,7.5033294231,0.0,7.5033294231,7.5134079636,130285,345,31,transfer,"transfer(address _to,uint256 _value)",a9059cbb,False,1,False,False,False,False,,,False,False,False,WALLET_TO_WALLET,True,False,USDT Token,TetherToken,USDT Token,https://tron.network/usdt,1,False,30000.0,30000.0,1,USDT,19,1,"CryptoChain,Google Cloud,CryptoGuyInZA",2025-06-17T01:03:55.389731,0.274246,True
b665d740a70d6bb3b8046fa6ac82a0b6b962c6cbbe5967113088a97d30c47d18,73108843,2025-06-15 10:23:15,2025-06-15,10,Sunday,SUCCESS,CONFIRMED,47411,TF2GVKwjVchpEWs1TonJW8yP6HAcvAvG93,TSpAswScHnu6WqJDaZzjWEA4ztPSzPRtPZ,TR7NHqjeKQxGTCi8q8ZY4pL8otSzgjLj6t,USDT,Tether USD,50000.0,50000.000000,50000000000,6,50000.0,0.0,13.49985,0.0,13.49985,13.5366,0.0,3.7022798631,0.0,3.7022798631,3.7123584035999997,64285,345,31,transfer,"transfer(address _to,uint256 _value)",a9059cbb,False,1,False,False,False,False,,,False,False,False,WALLET_TO_WALLET,True,False,USDT Token,TetherToken,USDT Token,https://tron.network/usdt,1,False,50000.0,50000.0,1,USDT,19,1,"Intelligence Quant,cryptoAI,HTX.COM",2025-06-17T01:54:32.384642,0.274246,True
42ae2e251d3bae762341533078fee12d7b7c07fa1ea8effc4a6c1260585a83ff,73052972,2025-06-13 11:48:54,2025-06-13,11,Friday,SUCCESS,CONFIRMED,103287,TSpAswScHnu6WqJDaZzjWEA4ztPSzPRtPZ,TD2EDnLB2ap5deVpGjkRJXSiUKiRZYVGgE,TR7NHqjeKQxGTCi8q8ZY4pL8otSzgjLj6t,USDT,Tether USD,30000.0,30000.000000,30000000000,6,30000.0,0.0,13.49985,0.345,13.49985,13.5366,0.0,3.7022798631,0.09461486999999999,3.7022798631,3.7123584035999997,64285,0,31,transfer,"transfer(address _to,uint256 _value)",a9059cbb,False,1,False,False,False,False,,,False,False,False,WALLET_TO_WALLET,True,False,USDT Token,TetherToken,USDT Token,https://tron.network/usdt,1,False,30000.0,30000.0,1,USDT,19,1,"Intelligence Quant,Crypto Innovation Fund,BlockchainOrg",2025-06-17T01:54:43.778081,0.274246,True
98ef42bc9eb9dd6fa5880865bf442ee2cd1b99849b66c2221cd63af5c72dd3c9,72771110,2025-06-03 16:51:39,2025-06-03,16,Tuesday,SUCCESS,CONFIRMED,384148,TSpAswScHnu6WqJDaZzjWEA4ztPSzPRtPZ,TD2EDnLB2ap5deVpGjkRJXSiUKiRZYVGgE,TR7NHqjeKQxGTCi8q8ZY4pL8otSzgjLj6t,USDT,Tether USD,35000.0,35000.000000,35000000000,6,35000.0,0.0,27.35985,0.0,27.35985,27.3966,0.0,7.5033294231,0.0,7.5033294231,7.5134079636,130285,345,31,transfer,"transfer(address _to,uint256 _value)",a9059cbb,False,1,False,False,False,False,,,False,False,False,WALLET_TO_WALLET,True,False,USDT Token,TetherToken,USDT Token,https://tron.network/usdt,1,False,35000.0,35000.0,1,USDT,19,1,"Poloniex,TRONALLIANCE,Abra Capital Management",2025-06-17T01:04:43.553298,0.274246,True
65e8d05d85d4f67d6c8fc33e5aa3b7b79b4873b67fa7002ac94ce45cd58d9506,73033214,2025-06-12 19:20:48,2025-06-12,19,Thursday,SUCCESS,CONFIRMED,122018,TSpAswScHnu6WqJDaZzjWEA4ztPSzPRtPZ,TD2EDnLB2ap5deVpGjkRJXSiUKiRZYVGgE,TR7NHqjeKQxGTCi8q8ZY4pL8otSzgjLj6t,USDT,Tether USD,5000.0,5000.000000,5000000000,6,5000.0,0.0,27.35985,0.345,27.35985,27.3966,0.0,7.5033294231,0.09461486999999999,7.5033294231,7.5134079636,130285,0,31,transfer,"transfer(address _to,uint256 _value)",a9059cbb,False,1,False,False,False,False,,,False,False,False,WALLET_TO_WALLET,True,False,USDT Token,TetherToken,USDT Token,https://tron.network/usdt,1,False,5000.0,5000.0,1,USDT,19,1,"Intelligence Quant,Ant Investment Group,metaverse home",2025-06-17T01:03:24.572815,0.274246,True
6a0980720f46d65f6a17515ed79f1ae2032bf839f166bf1942f5fdd53687629a,72474246,2025-05-24 09:23:36,2025-05-24,9,Saturday,SUCCESS,CONFIRMED,681043,TF2GVKwjVchpEWs1TonJW8yP6HAcvAvG93,TSpAswScHnu6WqJDaZzjWEA4ztPSzPRtPZ,TR7NHqjeKQxGTCi8q8ZY4pL8otSzgjLj6t,USDT,Tether USD,25000.0,25000.000000,25000000000,6,25000.0,0.0,13.49985,0.0,13.49985,13.5366,0.0,3.7022798631,0.0,3.7022798631,3.7123584035999997,64285,345,31,transfer,"transfer(address _to,uint256 _value)",a9059cbb,False,1,False,False,False,False,,,False,False,False,WALLET_TO_WALLET,True,False,USDT Token,TetherToken,USDT Token,https://tron.network/usdt,1,False,25000.0,25000.0,1,USDT,19,1,"cryptoAI,metaverse home,Chain Cloud",2025-06-17T01:06:16.838277,0.274246,True
45e7851f9e5ad8514fd7568f287bc80a774ae7b4784e0aa15babf08447b3ed7d,73079338,2025-06-14 09:47:36,2025-06-14,9,Saturday,SUCCESS,CONFIRMED,76920,TF2GVKwjVchpEWs1TonJW8yP6HAcvAvG93,TSpAswScHnu6WqJDaZzjWEA4ztPSzPRtPZ,TR7NHqjeKQxGTCi8q8ZY4pL8otSzgjLj6t,USDT,Tether USD,50000.0,50000.000000,50000000000,6,50000.0,0.0,13.49985,0.345,13.49985,13.5366,0.0,3.7022798631,0.09461486999999999,3.7022798631,3.7123584035999997,64285,0,31,transfer,"transfer(address _to,uint256 _value)",a9059cbb,False,1,False,False,False,False,,,False,False,False,WALLET_TO_WALLET,True,False,USDT Token,TetherToken,USDT Token,https://tron.network/usdt,1,False,50000.0,50000.0,1,USDT,19,1,"Crypto Innovation Fund,BlockchainOrg,Intelligence Quant",2025-06-17T01:54:40.941424,0.274246,True
a875afdc91c984c8f7eeb65176c3881d8a69fce4581a72f592d7bc331afb92c1,73052922,2025-06-13 11:46:24,2025-06-13,11,Friday,SUCCESS,CONFIRMED,103339,TSpAswScHnu6WqJDaZzjWEA4ztPSzPRtPZ,TD2EDnLB2ap5deVpGjkRJXSiUKiRZYVGgE,TR7NHqjeKQxGTCi8q8ZY4pL8otSzgjLj6t,USDT,Tether USD,5000.0,5000.000000,5000000000,6,5000.0,0.0,27.35985,0.0,27.35985,27.3966,0.0,7.5033294231,0.0,7.5033294231,7.5134079636,130285,345,31,transfer,"transfer(address _to,uint256 _value)",a9059cbb,False,1,False,False,False,False,,,False,False,False,WALLET_TO_WALLET,True,False,USDT Token,TetherToken,USDT Token,https://tron.network/usdt,1,False,5000.0,5000.0,1,USDT,19,1,"Chain Cloud,OKX Earn,TronSpark",2025-06-17T01:54:50.367240,0.274246,True
fd0f138b5fcd9978df1d050014c450cad01f7abaa22483bfd016dd2884b9d2c1,73026836,2025-06-12 14:01:48,2025-06-12,14,Thursday,SUCCESS,CONFIRMED,128400,TSpAswScHnu6WqJDaZzjWEA4ztPSzPRtPZ,TD2EDnLB2ap5deVpGjkRJXSiUKiRZYVGgE,TR7NHqjeKQxGTCi8q8ZY4pL8otSzgjLj6t,USDT,Tether USD,5000.0,5000.000000,5000000000,6,5000.0,0.0,27.35985,0.345,27.35985,27.3966,0.0,7.5033294231,0.09461486999999999,7.5033294231,7.5134079636,130285,0,31,transfer,"transfer(address _to,uint256 _value)",a9059cbb,False,1,False,False,False,False,,,False,False,False,WALLET_TO_WALLET,True,False,USDT Token,TetherToken,USDT Token,https://tron.network/usdt,1,False,5000.0,5000.0,1,USDT,19,1,"Luganodes,HTX.COM,Smart Consensus",2025-06-17T01:03:35.765464,0.274246,True
5f8c822c54402018cd3c542abbc58efb6543fab6c2049d769ff89e207812badf,72329256,2025-05-19 08:31:54,2025-05-19,8,Monday,SUCCESS,CONFIRMED,826042,TF2GVKwjVchpEWs1TonJW8yP6HAcvAvG93,TSpAswScHnu6WqJDaZzjWEA4ztPSzPRtPZ,TR7NHqjeKQxGTCi8q8ZY4pL8otSzgjLj6t,USDT,Tether USD,50000.0,50000.000000,50000000000,6,50000.0,0.0,13.49985,0.0,13.49985,13.5366,0.0,3.7022798631,0.0,3.7022798631,3.7123584035999997,64285,345,31,transfer,"transfer(address _to,uint256 _value)",a9059cbb,False,1,False,False,False,False,,,False,False,False,WALLET_TO_WALLET,True,False,USDT Token,TetherToken,USDT Token,https://tron.network/usdt,1,False,50000.0,50000.0,1,USDT,19,1,"Google Cloud,CryptoGuyInZA,https://nansen.ai",2025-06-17T01:06:42.705450,0.274246,True
afc48d3c6674b5dabb0ace4f138d314704f845be12d4a0a17d2b518b255fd8cd,72651403,2025-05-30 13:04:42,2025-05-30,13,Friday,SUCCESS,CONFIRMED,503867,TD2EJXkr4aZ2bnkYfWez4AYWpUYWcYVGgE,TSpAswScHnu6WqJDaZzjWEA4ztPSzPRtPZ,TR7NHqjeKQxGTCi8q8ZY4pL8otSzgjLj6t,USDT,Tether USD,2.0009,2.000900,2000900,6,2.0009,0.0,0.0,0.0,0.0,50.0,0.0,0.0,0.0,0.0,13.712299999999999,64285,345,31,transfer,"transfer(address _to,uint256 _value)",a9059cbb,False,1,False,False,False,False,,,False,False,False,WALLET_TO_WALLET,True,False,USDT Token,TetherToken,USDT Token,https://tron.network/usdt,1,False,2.0009,2.0009,1,USDT,19,1,"Smart Consensus,Crypto Innovation Fund,Ant Investment Group",2025-06-17T01:05:17.487562,0.274246,True
1f77707f387bbd922932e3098b7a6116a443533cb9f9bfcf01be4fdc5b87d20f,72592300,2025-05-28 11:47:54,2025-05-28,11,Wednesday,SUCCESS,CONFIRMED,562978,TSpAswScHnu6WqJDaZzjWEA4ztPSzPRtPZ,TH4QQ9uTJP9NhZMPnhzi9zP4V5RrRXsq25,TR7NHqjeKQxGTCi8q8ZY4pL8otSzgjLj6t,USDT,Tether USD,5000.0,5000.000000,5000000000,6,5000.0,0.0,13.49985,0.345,13.49985,13.5366,0.0,3.7022798631,0.09461486999999999,3.7022798631,3.7123584035999997,64285,0,31,transfer,"transfer(address _to,uint256 _value)",a9059cbb,False,1,False,False,False,False,,,False,False,False,WALLET_TO_WALLET,True,False,USDT Token,TetherToken,USDT Token,https://tron.network/usdt,1,False,5000.0,5000.0,1,USDT,19,1,"Poloniex,TRONALLIANCE,Abra Capital Management",2025-06-17T01:05:42.983289,0.274246,True
aa2dcdea95e47ffd14f78f1f4befabda4d2ecdd8e2eeb7751043ec671420cd15,72675784,2025-05-31 09:24:03,2025-05-31,9,Saturday,SUCCESS,CONFIRMED,479484,TSpAswScHnu6WqJDaZzjWEA4ztPSzPRtPZ,TD2EDnLB2ap5deVpGjkRJXSiUKiRZYVGgE,TR7NHqjeKQxGTCi8q8ZY4pL8otSzgjLj6t,USDT,Tether USD,30000.0,30000.000000,30000000000,6,30000.0,0.0,27.35985,0.345,27.35985,27.3966,0.0,7.5033294231,0.09461486999999999,7.5033294231,7.5134079636,130285,0,31,transfer,"transfer(address _to,uint256 _value)",a9059cbb,False,1,False,False,False,False,,,False,False,False,WALLET_TO_WALLET,True,False,USDT Token,TetherToken,USDT Token,https://tron.network/usdt,1,False,30000.0,30000.0,1,USDT,19,1,"cryptoAI,Chain Cloud,HTX.COM",2025-06-17T01:05:11.904170,0.274246,True
5f7f060be0301ed95436b1eb1c04622667600afce5d85fbbaaf5a1f84fd31287,72531829,2025-05-26 09:23:33,2025-05-26,9,Monday,SUCCESS,CONFIRMED,623456,TSpAswScHnu6WqJDaZzjWEA4ztPSzPRtPZ,TH4QQ9uTJP9NhZMPnhzi9zP4V5RrRXsq25,TR7NHqjeKQxGTCi8q8ZY4pL8otSzgjLj6t,USDT,Tether USD,5000.0,5000.000000,5000000000,6,5000.0,0.0,27.35985,0.0,27.35985,27.3966,0.0,7.5033294231,0.0,7.5033294231,7.5134079636,130285,345,31,transfer,"transfer(address _to,uint256 _value)",a9059cbb,False,1,False,False,False,False,,,False,False,False,WALLET_TO_WALLET,True,False,USDT Token,TetherToken,USDT Token,https://tron.network/usdt,1,False,5000.0,5000.0,1,USDT,19,1,"StakedTron,CryptoChain,Google Cloud",2025-06-17T01:06:02.786065,0.274246,True
3fe4ed7136ca6ce3002aaf74d43275c874f288203c44968390e76f1100a7b7b2,72474337,2025-05-24 09:28:09,2025-05-24,9,Saturday,SUCCESS,CONFIRMED,680951,TD2yM8Zu6bLGyDVd9MAGDQpPvZ3RZYVGgE,TSpAswScHnu6WqJDaZzjWEA4ztPSzPRtPZ,TR7NHqjeKQxGTCi8q8ZY4pL8otSzgjLj6t,USDT,Tether USD,0.050001,0.050001,50001,6,0.050001,0.0,0.0,0.0,0.0,40.0,0.0,0.0,0.0,0.0,10.96984,64285,345,31,transfer,"transfer(address _to,uint256 _value)",a9059cbb,True,3,False,True,False,True,,,False,False,False,WALLET_TO_WALLET,True,False,USDT Token,TetherToken,USDT Token,https://tron.network/usdt,1,False,0.050001,0.050001,1,USDT,19,1,"Google Cloud,CryptoGuyInZA,https://nansen.ai",2025-06-17T01:06:11.214543,0.274246,True
857328203193a8e200012f2ea4b93d1cafb3d363af783df23ae0e21142545eb3,72531845,2025-05-26 09:24:21,2025-05-26,9,Monday,SUCCESS,CONFIRMED,623439,TSpAswScHnu6WqJDaZzjWEA4ztPSzPRtPZ,TD2EDnLB2ap5deVpGjkRJXSiUKiRZYVGgE,TR7NHqjeKQxGTCi8q8ZY4pL8otSzgjLj6t,USDT,Tether USD,10000.0,10000.000000,10000000000,6,10000.0,0.0,27.35985,0.345,27.35985,27.3966,0.0,7.5033294231,0.09461486999999999,7.5033294231,7.5134079636,130285,0,31,transfer,"transfer(address _to,uint256 _value)",a9059cbb,False,1,False,False,False,False,,,False,False,False,WALLET_TO_WALLET,True,False,USDT Token,TetherToken,USDT Token,https://tron.network/usdt,1,False,10000.0,10000.0,1,USDT,19,1,"Chain Cloud,HTX.COM,Intelligence Quant",2025-06-17T01:05:59.968517,0.274246,True
fce3303d22ce166d177e422042a06c54f7c885006e98c63786fe4bd79d942f7e,73001150,2025-06-11 16:36:51,2025-06-11,16,Wednesday,SUCCESS,CONFIRMED,154088,TSpAswScHnu6WqJDaZzjWEA4ztPSzPRtPZ,TD2EDnLB2ap5deVpGjkRJXSiUKiRZYVGgE,TR7NHqjeKQxGTCi8q8ZY4pL8otSzgjLj6t,USDT,Tether USD,40000.0,40000.000000,40000000000,6,40000.0,0.0,27.35985,0.0,27.35985,27.3966,0.0,7.5033294231,0.0,7.5033294231,7.5134079636,130285,345,31,transfer,"transfer(address _to,uint256 _value)",a9059cbb,False,1,False,False,False,False,,,False,False,False,WALLET_TO_WALLET,True,False,USDT Token,TetherToken,USDT Token,https://tron.network/usdt,1,False,40000.0,40000.0,1,USDT,19,1,"Smart Consensus,cryptoAI,Intelligence Quant",2025-06-17T01:03:41.324144,0.274246,True
fcc1fe1b0b6242ffdd1a4b594f505d3cdf49188c411f8fe44178378537f9e4b0,72675793,2025-05-31 09:24:30,2025-05-31,9,Saturday,SUCCESS,CONFIRMED,479474,TD2yM8Zu6bLGyDVd9MAGDQpPvZ3RZYVGgE,TSpAswScHnu6WqJDaZzjWEA4ztPSzPRtPZ,TR7NHqjeKQxGTCi8q8ZY4pL8otSzgjLj6t,USDT,Tether USD,0.03001,0.030010,30010,6,0.03001,0.0,0.0,0.0,0.0,40.0,0.0,0.0,0.0,0.0,10.96984,64285,345,31,transfer,"transfer(address _to,uint256 _value)",a9059cbb,True,3,False,True,False,True,,,False,False,False,WALLET_TO_WALLET,True,False,USDT Token,TetherToken,USDT Token,https://tron.network/usdt,1,False,0.03001,0.03001,1,USDT,19,1,"CryptoChain,Google Cloud,CryptoGuyInZA",2025-06-17T01:05:09.097431,0.274246,True
759ce23480177c79fc2c8d32e4c5375e28acf5f5ffbf32b3cdf8d222c07e8a77,73052946,2025-06-13 11:47:36,2025-06-13,11,Friday,SUCCESS,CONFIRMED,103313,TSpAswScHnu6WqJDaZzjWEA4ztPSzPRtPZ,TENi9TAqTNgDx82KhkdsZcxhiSoHu7zBXN,TR7NHqjeKQxGTCi8q8ZY4pL8otSzgjLj6t,USDT,Tether USD,5000.0,5000.000000,5000000000,6,5000.0,0.0,13.49985,0.345,13.49985,13.5366,0.0,3.7022798631,0.09461486999999999,3.7022798631,3.7123584035999997,64285,0,31,transfer,"transfer(address _to,uint256 _value)",a9059cbb,False,1,False,False,False,False,,,False,False,False,WALLET_TO_WALLET,True,False,USDT Token,TetherToken,USDT Token,https://tron.network/usdt,1,False,5000.0,5000.0,1,USDT,19,1,"Crypto Innovation Fund,BlockchainOrg,Ant Investment Group",2025-06-17T01:54:47.555514,0.274246,True
b01fd889e3ca06881970d2b3cccd14cf8fecb117e67640aad08b5f7939947106,72592333,2025-05-28 11:49:33,2025-05-28,11,Wednesday,SUCCESS,CONFIRMED,562943,TENs3QpmMFCawpEVk17h965XaFKUU7zBXN,TSpAswScHnu6WqJDaZzjWEA4ztPSzPRtPZ,TR7NHqjeKQxGTCi8q8ZY4pL8otSzgjLj6t,USDT,Tether USD,0.5009,0.500900,500900,6,0.5009,0.0,0.0,0.0,0.0,50.0,0.0,0.0,0.0,0.0,13.712299999999999,64285,345,31,transfer,"transfer(address _to,uint256 _value)",a9059cbb,True,3,False,True,False,True,,,False,False,False,WALLET_TO_WALLET,True,False,USDT Token,TetherToken,USDT Token,https://tron.network/usdt,1,False,0.5009,0.5009,1,USDT,19,1,"Smart Consensus,Crypto Innovation Fund,JD Investment",2025-06-17T01:05:34.508917,0.274246,True
1877d7ac1361215507d62d2eb8628cc2a5e7a00e8b30a8911bd0cb532e57dac3,72914244,2025-06-08 16:10:21,2025-06-08,16,Sunday,SUCCESS,CONFIRMED,241000,TSpAswScHnu6WqJDaZzjWEA4ztPSzPRtPZ,TENi9TAqTNgDx82KhkdsZcxhiSoHu7zBXN,TR7NHqjeKQxGTCi8q8ZY4pL8otSzgjLj6t,USDT,Tether USD,10000.0,10000.000000,10000000000,6,10000.0,0.0,13.49985,0.345,13.49985,13.5366,0.0,3.7022798631,0.09461486999999999,3.7022798631,3.7123584035999997,64285,0,31,transfer,"transfer(address _to,uint256 _value)",a9059cbb,False,1,False,False,False,False,,,False,False,False,WALLET_TO_WALLET,True,False,USDT Token,TetherToken,USDT Token,https://tron.network/usdt,1,False,10000.0,10000.0,1,USDT,19,1,"StakedTron,CryptoChain,Google Cloud",2025-06-17T01:04:01.057706,0.274246,True
7be936391bbdae09f157a4d32ce24d7c5e447ed0303950c16801d0716d9fb6e4,72309761,2025-05-18 16:16:51,2025-05-18,16,Sunday,SUCCESS,CONFIRMED,845539,TH4QS9iheg3yVknhdxPN3NRffMNZxXsq25,TSpAswScHnu6WqJDaZzjWEA4ztPSzPRtPZ,TR7NHqjeKQxGTCi8q8ZY4pL8otSzgjLj6t,USDT,Tether USD,0.05001,0.050010,50010,6,0.05001,0.0,0.00714,0.0,0.00714,100.0,0.0,0.0019581164399999997,0.0,0.0019581164399999997,27.424599999999998,64285,347,31,transfer,"transfer(address _to,uint256 _value)",a9059cbb,True,3,False,True,False,True,,,False,False,False,WALLET_TO_WALLET,True,False,USDT Token,TetherToken,USDT Token,https://tron.network/usdt,1,False,0.05001,0.05001,1,USDT,19,1,"metaverse home,Google Cloud,TronSpark",2025-06-17T01:06:48.443211,0.274246,True
3c0fa1e0cfa5d4bb5f84ed4a11b97ab32e2e5d5015303cbc503323e1e080a378,72373328,2025-05-20 21:16:06,2025-05-20,21,Tuesday,SUCCESS,CONFIRMED,781967,TSpAswScHnu6WqJDaZzjWEA4ztPSzPRtPZ,TD2EDnLB2ap5deVpGjkRJXSiUKiRZYVGgE,TR7NHqjeKQxGTCi8q8ZY4pL8otSzgjLj6t,USDT,Tether USD,20000.0,20000.000000,20000000000,6,20000.0,0.0,27.35985,0.0,27.35985,27.3966,0.0,7.5033294231,0.0,7.5033294231,7.5134079636,130285,345,31,transfer,"transfer(address _to,uint256 _value)",a9059cbb,False,1,False,False,False,False,,,False,False,False,WALLET_TO_WALLET,True,False,USDT Token,TetherToken,USDT Token,https://tron.network/usdt,1,False,20000.0,20000.0,1,USDT,19,1,"metaverse home,OKX Earn,TronSpark",2025-06-17T01:06:33.873840,0.274246,True
e7fa428207dc7c7cf357f59e023991d431320fc1ec437f021547ddefb3e38eed,72300912,2025-05-18 08:54:18,2025-05-18,8,Sunday,SUCCESS,CONFIRMED,854391,TSpAswScHnu6WqJDaZzjWEA4ztPSzPRtPZ,TD2EDnLB2ap5deVpGjkRJXSiUKiRZYVGgE,TR7NHqjeKQxGTCi8q8ZY4pL8otSzgjLj6t,USDT,Tether USD,25000.0,25000.000000,25000000000,6,25000.0,0.0,27.35985,0.0,27.35985,27.3966,0.0,7.5033294231,0.0,7.5033294231,7.5134079636,130285,345,31,transfer,"transfer(address _to,uint256 _value)",a9059cbb,False,1,False,False,False,False,,,False,False,False,WALLET_TO_WALLET,True,False,USDT Token,TetherToken,USDT Token,https://tron.network/usdt,1,False,25000.0,25000.0,1,USDT,19,1,"StakedTron,CryptoChain,Google Cloud",2025-06-17T01:06:57.133545,0.274246,True
49a8906355fe7afda68674d8a9a8b681aa61a6d04127eaceb1d9c1658f2619c7,72455322,2025-05-23 17:37:06,2025-05-23,17,Friday,SUCCESS,CONFIRMED,699969,TSpAswScHnu6WqJDaZzjWEA4ztPSzPRtPZ,TD2EDnLB2ap5deVpGjkRJXSiUKiRZYVGgE,TR7NHqjeKQxGTCi8q8ZY4pL8otSzgjLj6t,USDT,Tether USD,25000.0,25000.000000,25000000000,6,25000.0,0.0,27.35985,0.0,27.35985,27.3966,0.0,7.5033294231,0.0,7.5033294231,7.5134079636,130285,345,31,transfer,"transfer(address _to,uint256 _value)",a9059cbb,False,1,False,False,False,False,,,False,False,False,WALLET_TO_WALLET,True,False,USDT Token,TetherToken,USDT Token,https://tron.network/usdt,1,False,25000.0,25000.0,1,USDT,19,1,"HTX.COM,cryptoAI,metaverse home",2025-06-17T01:06:19.734470,0.274246,True
05757a05404cbe48af995e92d0b883d54304721c500f6ba79039983fb07cc694,73052891,2025-06-13 11:44:51,2025-06-13,11,Friday,SUCCESS,CONFIRMED,102339,TF2GVKwjVchpEWs1TonJW8yP6HAcvAvG93,TSpAswScHnu6WqJDaZzjWEA4ztPSzPRtPZ,TR7NHqjeKQxGTCi8q8ZY4pL8otSzgjLj6t,USDT,Tether USD,50000.0,50000.000000,50000000000,6,50000.0,0.0,13.49985,0.0,13.49985,13.5366,0.0,3.7022798631,0.0,3.7022798631,3.7123584035999997,64285,345,31,transfer,"transfer(address _to,uint256 _value)",a9059cbb,False,1,False,False,False,False,,,False,False,False,WALLET_TO_WALLET,True,False,USDT Token,TetherToken,USDT Token,https://tron.network/usdt,1,False,50000.0,50000.0,1,USDT,19,1,"Intelligence Quant,Crypto Innovation Fund,BlockchainOrg",2025-06-17T01:03:18.999279,0.274246,True
5d867b69d9926d3de7aa4bc6054f9eb866034fa1c57c888810234b678c7088df,72861959,2025-06-06 20:35:24,2025-06-06,20,Friday,SUCCESS,CONFIRMED,293292,TSpAswScHnu6WqJDaZzjWEA4ztPSzPRtPZ,TD2EDnLB2ap5deVpGjkRJXSiUKiRZYVGgE,TR7NHqjeKQxGTCi8q8ZY4pL8otSzgjLj6t,USDT,Tether USD,5000.0,5000.000000,5000000000,6,5000.0,0.0,27.35985,0.345,27.35985,27.3966,0.0,7.5033294231,0.09461486999999999,7.5033294231,7.5134079636,130285,0,31,transfer,"transfer(address _to,uint256 _value)",a9059cbb,False,1,False,False,False,False,,,False,False,False,WALLET_TO_WALLET,True,False,USDT Token,TetherToken,USDT Token,https://tron.network/usdt,1,False,5000.0,5000.0,1,USDT,19,1,"StakedTron,CryptoChain,Google Cloud",2025-06-17T01:04:20.822831,0.274246,True
e4b84bb258b2452a0217cebcb45026d985d980471e964f04b056bfe266869d46,72703231,2025-06-01 08:16:48,2025-06-01,8,Sunday,SUCCESS,CONFIRMED,452034,TD2EJXkr4aZ2bnkYfWez4AYWpUYWcYVGgE,TSpAswScHnu6WqJDaZzjWEA4ztPSzPRtPZ,TR7NHqjeKQxGTCi8q8ZY4pL8otSzgjLj6t,USDT,Tether USD,3.0009,3.000900,3000900,6,3.0009,0.0,0.0,0.0,0.0,50.0,0.0,0.0,0.0,0.0,13.712299999999999,64285,345,31,transfer,"transfer(address _to,uint256 _value)",a9059cbb,False,1,False,False,False,False,,,False,False,False,WALLET_TO_WALLET,True,False,USDT Token,TetherToken,USDT Token,https://tron.network/usdt,1,False,3.0009,3.0009,1,USDT,19,1,"JD Investment,metaverse home,BlockchainOrg",2025-06-17T01:05:03.380214,0.274246,True
e8e65e8fa86cc183b88769aa0906da0c9e4a23df88846c7b643db1950d20d3f9,72592306,2025-05-28 11:48:12,2025-05-28,11,Wednesday,SUCCESS,CONFIRMED,562971,TH4QS9iheg3yVknhdxPN3NRffMNZxXsq25,TSpAswScHnu6WqJDaZzjWEA4ztPSzPRtPZ,TR7NHqjeKQxGTCi8q8ZY4pL8otSzgjLj6t,USDT,Tether USD,0.05001,0.050010,50010,6,0.05001,0.0,0.0,0.0,0.0,100.0,0.0,0.0,0.0,0.0,27.424599999999998,64285,347,31,transfer,"transfer(address _to,uint256 _value)",a9059cbb,True,3,False,True,False,True,,,False,False,False,WALLET_TO_WALLET,True,False,USDT Token,TetherToken,USDT Token,https://tron.network/usdt,1,False,0.05001,0.05001,1,USDT,19,1,"Smart Consensus,Crypto Innovation Fund,JD Investment",2025-06-17T01:05:40.173518,0.274246,True
ae089962b34ce53578d27c53c0cbc76e71fea6a6b4bd8828b224bc163c10e824,72585490,2025-05-28 06:07:24,2025-05-28,6,Wednesday,SUCCESS,CONFIRMED,569789,TD2EJXkr4aZ2bnkYfWez4AYWpUYWcYVGgE,TSpAswScHnu6WqJDaZzjWEA4ztPSzPRtPZ,TR7NHqjeKQxGTCi8q8ZY4pL8otSzgjLj6t,USDT,Tether USD,3.0009,3.000900,3000900,6,3.0009,0.0,0.0,0.0,0.0,50.0,0.0,0.0,0.0,0.0,13.712299999999999,64285,345,31,transfer,"transfer(address _to,uint256 _value)",a9059cbb,False,1,False,False,False,False,,,False,False,False,WALLET_TO_WALLET,True,False,USDT Token,TetherToken,USDT Token,https://tron.network/usdt,1,False,3.0009,3.0009,1,USDT,19,1,"CryptoChain,Google Cloud,CryptoGuyInZA",2025-06-17T01:05:45.798964,0.274246,True
934c0a701a2c6e871c19a98122776d79bdac257d3ff4704451d1d42547e598aa,72818022,2025-06-05 07:57:57,2025-06-05,7,Thursday,SUCCESS,CONFIRMED,337231,TSpAswScHnu6WqJDaZzjWEA4ztPSzPRtPZ,TENi9TAqTNgDx82KhkdsZcxhiSoHu7zBXN,TR7NHqjeKQxGTCi8q8ZY4pL8otSzgjLj6t,USDT,Tether USD,10000.0,10000.000000,10000000000,6,10000.0,0.0,27.35985,0.0,27.35985,27.3966,0.0,7.5033294231,0.0,7.5033294231,7.5134079636,130285,345,31,transfer,"transfer(address _to,uint256 _value)",a9059cbb,False,1,False,False,False,False,,,False,False,False,WALLET_TO_WALLET,True,False,USDT Token,TetherToken,USDT Token,https://tron.network/usdt,1,False,10000.0,10000.0,1,USDT,19,1,"Poloniex,TRONALLIANCE,Abra Capital Management",2025-06-17T01:04:29.346559,0.274246,True
93ce9ca7e2b8edf5ad34f4d6df1b683555aa87d467f626fe0d9f64205d89fe74,73033196,2025-06-12 19:19:54,2025-06-12,19,Thursday,SUCCESS,CONFIRMED,122037,TSpAswScHnu6WqJDaZzjWEA4ztPSzPRtPZ,TH4QQ9uTJP9NhZMPnhzi9zP4V5RrRXsq25,TR7NHqjeKQxGTCi8q8ZY4pL8otSzgjLj6t,USDT,Tether USD,5000.0,5000.000000,5000000000,6,5000.0,0.0,13.49985,0.345,13.49985,13.5366,0.0,3.7022798631,0.09461486999999999,3.7022798631,3.7123584035999997,64285,0,31,transfer,"transfer(address _to,uint256 _value)",a9059cbb,False,1,False,False,False,False,,,False,False,False,WALLET_TO_WALLET,True,False,USDT Token,TetherToken,USDT Token,https://tron.network/usdt,1,False,5000.0,5000.0,1,USDT,19,1,"Google Cloud,CryptoGuyInZA,https://nansen.ai",2025-06-17T01:03:27.318713,0.274246,True
233d48690d6ab31fe48cec64245ae523a351b3e4007db8827fc2dd501f3c93a9,72883818,2025-06-07 14:48:39,2025-06-07,14,Saturday,SUCCESS,CONFIRMED,271432,TF2GVKwjVchpEWs1TonJW8yP6HAcvAvG93,TSpAswScHnu6WqJDaZzjWEA4ztPSzPRtPZ,TR7NHqjeKQxGTCi8q8ZY4pL8otSzgjLj6t,USDT,Tether USD,30000.0,30000.000000,30000000000,6,30000.0,0.0,13.49985,0.345,13.49985,13.5366,0.0,3.7022798631,0.09461486999999999,3.7022798631,3.7123584035999997,64285,0,31,transfer,"transfer(address _to,uint256 _value)",a9059cbb,False,1,False,False,False,False,,,False,False,False,WALLET_TO_WALLET,True,False,USDT Token,TetherToken,USDT Token,https://tron.network/usdt,1,False,30000.0,30000.0,1,USDT,19,1,"Ant Investment Group,Google Cloud,TronSpark",2025-06-17T01:04:18.043310,0.274246,True
cab713186c14247c1eb7f9404a547982e5c65d9d2270b78a3319fdb1bd68e62d,73079670,2025-06-14 10:04:12,2025-06-14,10,Saturday,SUCCESS,CONFIRMED,76587,TSpAswScHnu6WqJDaZzjWEA4ztPSzPRtPZ,TD2EDnLB2ap5deVpGjkRJXSiUKiRZYVGgE,TR7NHqjeKQxGTCi8q8ZY4pL8otSzgjLj6t,USDT,Tether USD,35000.0,35000.000000,35000000000,6,35000.0,0.0,13.49985,0.0,13.49985,13.5366,0.0,3.7022798631,0.0,3.7022798631,3.7123584035999997,64285,345,31,transfer,"transfer(address _to,uint256 _value)",a9059cbb,False,1,False,False,False,False,,,False,False,False,WALLET_TO_WALLET,True,False,USDT Token,TetherToken,USDT Token,https://tron.network/usdt,1,False,35000.0,35000.0,1,USDT,19,1,"metaverse home,Chain Cloud,OKX Earn",2025-06-17T01:54:38.202494,0.274246,True
ad21042d025dc6b8cc45955a56efd24ad0904638c2a22a210922d27f8ba4acf3,72774735,2025-06-03 19:53:00,2025-06-03,19,Tuesday,SUCCESS,CONFIRMED,380521,TSpAswScHnu6WqJDaZzjWEA4ztPSzPRtPZ,TD2EDnLB2ap5deVpGjkRJXSiUKiRZYVGgE,TR7NHqjeKQxGTCi8q8ZY4pL8otSzgjLj6t,USDT,Tether USD,5000.0,5000.000000,5000000000,6,5000.0,0.0,27.35985,0.345,27.35985,27.3966,0.0,7.5033294231,0.09461486999999999,7.5033294231,7.5134079636,130285,0,31,transfer,"transfer(address _to,uint256 _value)",a9059cbb,False,1,False,False,False,False,,,False,False,False,WALLET_TO_WALLET,True,False,USDT Token,TetherToken,USDT Token,https://tron.network/usdt,1,False,5000.0,5000.0,1,USDT,19,1,"JD Investment,cryptoAI,Chain Cloud",2025-06-17T01:04:37.867733,0.274246,True
1cca03a3da61fa53ff082de2dbbea36534967220c53b4a7f10026eadfdc7299c,72973579,2025-06-10 17:37:54,2025-06-10,17,Tuesday,SUCCESS,CONFIRMED,181662,TSpAswScHnu6WqJDaZzjWEA4ztPSzPRtPZ,TH4QQ9uTJP9NhZMPnhzi9zP4V5RrRXsq25,TR7NHqjeKQxGTCi8q8ZY4pL8otSzgjLj6t,USDT,Tether USD,5000.0,5000.000000,5000000000,6,5000.0,0.0,27.35985,0.0,27.35985,27.3966,0.0,7.5033294231,0.0,7.5033294231,7.5134079636,130285,345,31,transfer,"transfer(address _to,uint256 _value)",a9059cbb,False,1,False,False,False,False,,,False,False,False,WALLET_TO_WALLET,True,False,USDT Token,TetherToken,USDT Token,https://tron.network/usdt,1,False,5000.0,5000.0,1,USDT,19,1,"OKCoinJapan,Binance Staking,Poloniex",2025-06-17T01:03:52.615466,0.274246,True
4dcb49fd5849a7c784dfcd6a9effbfbdd7f53bbe57ace75174d80d4473c89be5,72739579,2025-06-02 14:34:42,2025-06-02,14,Monday,SUCCESS,CONFIRMED,415684,TRaa8yHXzJ5FoVqJNxzBFtbUNKaVwXx5E1,TSpAswScHnu6WqJDaZzjWEA4ztPSzPRtPZ,TR7NHqjeKQxGTCi8q8ZY4pL8otSzgjLj6t,USDT,Tether USD,100000.0,100000.000000,100000000000,6,100000.0,0.0,13.49985,0.0,13.49985,13.5366,0.0,3.7022798631,0.0,3.7022798631,3.7123584035999997,64285,345,31,transfer,"transfer(address _to,uint256 _value)",a9059cbb,False,1,False,False,False,False,,,False,False,False,WALLET_TO_WALLET,True,False,USDT Token,TetherToken,USDT Token,https://tron.network/usdt,1,False,100000.0,100000.0,1,USDT,19,1,"https://nansen.ai,OKCoinJapan,Binance Staking",2025-06-17T01:04:57.618368,0.274246,True
b5538e1de3d94de3f5710821f1e24ad0a627b62df8aa29564cc96aed12a451c1,72415799,2025-05-22 08:40:27,2025-05-22,8,Thursday,SUCCESS,CONFIRMED,739493,TSpAswScHnu6WqJDaZzjWEA4ztPSzPRtPZ,TD2EDnLB2ap5deVpGjkRJXSiUKiRZYVGgE,TR7NHqjeKQxGTCi8q8ZY4pL8otSzgjLj6t,USDT,Tether USD,25000.0,25000.000000,25000000000,6,25000.0,0.0,27.35985,0.0,27.35985,27.3966,0.0,7.5033294231,0.0,7.5033294231,7.5134079636,130285,345,31,transfer,"transfer(address _to,uint256 _value)",a9059cbb,False,1,False,False,False,False,,,False,False,False,WALLET_TO_WALLET,True,False,USDT Token,TetherToken,USDT Token,https://tron.network/usdt,1,False,25000.0,25000.0,1,USDT,19,1,"BlockAnalysis,Luganodes,JD Investment",2025-06-17T01:06:25.412509,0.274246,True
3bb06f21d607e8c19b0638c6f9ecd3986c377d47116f737ab1964d324223bef9,73117914,2025-06-15 17:56:54,2025-06-15,17,Sunday,SUCCESS,CONFIRMED,38338,TSpAswScHnu6WqJDaZzjWEA4ztPSzPRtPZ,TD2EDnLB2ap5deVpGjkRJXSiUKiRZYVGgE,TR7NHqjeKQxGTCi8q8ZY4pL8otSzgjLj6t,USDT,Tether USD,5000.0,5000.000000,5000000000,6,5000.0,0.0,27.35985,0.0,27.35985,27.3966,0.0,7.5033294231,0.0,7.5033294231,7.5134079636,130285,345,31,transfer,"transfer(address _to,uint256 _value)",a9059cbb,False,1,False,False,False,False,,,False,False,False,WALLET_TO_WALLET,True,False,USDT Token,TetherToken,USDT Token,https://tron.network/usdt,1,False,5000.0,5000.0,1,USDT,19,1,"BlockchainOrg,JD Investment,Smart Consensus",2025-06-17T01:54:22.335295,0.274246,True
596625497faa614ddd7cf480528d17960c31361682ce05dc0cd5d18be572ecb5,72883901,2025-06-07 14:52:48,2025-06-07,14,Saturday,SUCCESS,CONFIRMED,271348,TSpAswScHnu6WqJDaZzjWEA4ztPSzPRtPZ,TD2EDnLB2ap5deVpGjkRJXSiUKiRZYVGgE,TR7NHqjeKQxGTCi8q8ZY4pL8otSzgjLj6t,USDT,Tether USD,20000.0,20000.000000,20000000000,6,20000.0,0.0,27.35985,0.0,27.35985,27.3966,0.0,7.5033294231,0.0,7.5033294231,7.5134079636,130285,345,31,transfer,"transfer(address _to,uint256 _value)",a9059cbb,False,1,False,False,False,False,,,False,False,False,WALLET_TO_WALLET,True,False,USDT Token,TetherToken,USDT Token,https://tron.network/usdt,1,False,20000.0,20000.0,1,USDT,19,1,"TronSpark,P2P.ORG,Kiln_Staking",2025-06-17T01:04:15.224870,0.274246,True
aa54efc4d5923f2e6c604d432135702627495057e96bb5b227435854ab2e832f,72551874,2025-05-27 02:06:06,2025-05-27,2,Tuesday,SUCCESS,CONFIRMED,603409,TSpAswScHnu6WqJDaZzjWEA4ztPSzPRtPZ,TD2EDnLB2ap5deVpGjkRJXSiUKiRZYVGgE,TR7NHqjeKQxGTCi8q8ZY4pL8otSzgjLj6t,USDT,Tether USD,25000.0,25000.000000,25000000000,6,25000.0,0.0,27.35985,0.0,27.35985,27.3966,0.0,7.5033294231,0.0,7.5033294231,7.5134079636,130285,345,31,transfer,"transfer(address _to,uint256 _value)",a9059cbb,False,1,False,False,False,False,,,False,False,False,WALLET_TO_WALLET,True,False,USDT Token,TetherToken,USDT Token,https://tron.network/usdt,1,False,25000.0,25000.0,1,USDT,19,1,"Intelligence Quant,HTX.COM,BlockchainOrg",2025-06-17T01:05:57.125447,0.274246,True
dce1f83e5721488d1c0891d03f413e1af760013bb3fac074282af7ed5bd1fab8,73111068,2025-06-15 12:14:36,2025-06-15,12,Sunday,SUCCESS,CONFIRMED,45184,TVof5BJd1vmcro66JThYQ9gCbDupZYVGgE,TSpAswScHnu6WqJDaZzjWEA4ztPSzPRtPZ,TR7NHqjeKQxGTCi8q8ZY4pL8otSzgjLj6t,USDT,Tether USD,1.0,1.000000,1000000,6,1.0,0.0,0.0,0.0,0.0,50.0,0.0,0.0,0.0,0.0,13.712299999999999,64285,345,31,transfer,"transfer(address _to,uint256 _value)",a9059cbb,False,1,False,False,False,False,,,False,False,False,WALLET_TO_WALLET,True,False,USDT Token,TetherToken,USDT Token,https://tron.network/usdt,1,False,1.0,1.0,1,USDT,19,1,"CryptoChain,Google Cloud,CryptoGuyInZA",2025-06-17T01:54:26.304692,0.274246,True
ffef0cc3c475747532519fdb56e07b27fb0c3e2e34eb89436e1f560798dbee9d,72943806,2025-06-09 16:48:51,2025-06-09,16,Monday,SUCCESS,CONFIRMED,211437,TF2GVKwjVchpEWs1TonJW8yP6HAcvAvG93,TSpAswScHnu6WqJDaZzjWEA4ztPSzPRtPZ,TR7NHqjeKQxGTCi8q8ZY4pL8otSzgjLj6t,USDT,Tether USD,50000.0,50000.000000,50000000000,6,50000.0,0.0,13.49985,0.345,13.49985,13.5366,0.0,3.7022798631,0.09461486999999999,3.7022798631,3.7123584035999997,64285,0,31,transfer,"transfer(address _to,uint256 _value)",a9059cbb,False,1,False,False,False,False,,,False,False,False,WALLET_TO_WALLET,True,False,USDT Token,TetherToken,USDT Token,https://tron.network/usdt,1,False,50000.0,50000.0,1,USDT,19,1,"OKCoinJapan,Binance Staking,Poloniex",2025-06-17T01:03:58.237840,0.274246,True
7b6c6e1dac58508ca8f0ab03a312792654cbf5a539945d8201671d57d78f68c3,72913791,2025-06-08 15:47:42,2025-06-08,15,Sunday,SUCCESS,CONFIRMED,241455,TF2GVKwjVchpEWs1TonJW8yP6HAcvAvG93,TSpAswScHnu6WqJDaZzjWEA4ztPSzPRtPZ,TR7NHqjeKQxGTCi8q8ZY4pL8otSzgjLj6t,USDT,Tether USD,50000.0,50000.000000,50000000000,6,50000.0,0.0,13.49985,0.0,13.49985,13.5366,0.0,3.7022798631,0.0,3.7022798631,3.7123584035999997,64285,345,31,transfer,"transfer(address _to,uint256 _value)",a9059cbb,False,1,False,False,False,False,,,False,False,False,WALLET_TO_WALLET,True,False,USDT Token,TetherToken,USDT Token,https://tron.network/usdt,1,False,50000.0,50000.0,1,USDT,19,1,"Binance Staking,Poloniex,TRONALLIANCE",2025-06-17T01:04:06.683817,0.274246,True
58eb7f70c855c1c4f0cd21d3a5aab294e6913bf6e8e9a7b8f6c62e6cdb4d46f1,72393174,2025-05-21 13:48:54,2025-05-21,13,Wednesday,SUCCESS,CONFIRMED,762120,TSpAswScHnu6WqJDaZzjWEA4ztPSzPRtPZ,TH4QQ9uTJP9NhZMPnhzi9zP4V5RrRXsq25,TR7NHqjeKQxGTCi8q8ZY4pL8otSzgjLj6t,USDT,Tether USD,5000.0,5000.000000,5000000000,6,5000.0,0.0,27.35985,0.0,27.35985,27.3966,0.0,7.5033294231,0.0,7.5033294231,7.5134079636,130285,345,31,transfer,"transfer(address _to,uint256 _value)",a9059cbb,False,1,False,False,False,False,,,False,False,False,WALLET_TO_WALLET,True,False,USDT Token,TetherToken,USDT Token,https://tron.network/usdt,1,False,5000.0,5000.0,1,USDT,19,1,"Binance Staking,Poloniex,TRONALLIANCE",2025-06-17T01:06:31.108527,0.274246,True
eb32baeb9037ee40f1aadaf79d26479ea8795ea098ced3ade6122bcb82304b20,72740181,2025-06-02 15:04:48,2025-06-02,15,Monday,SUCCESS,CONFIRMED,415081,TSpAswScHnu6WqJDaZzjWEA4ztPSzPRtPZ,TD2EDnLB2ap5deVpGjkRJXSiUKiRZYVGgE,TR7NHqjeKQxGTCi8q8ZY4pL8otSzgjLj6t,USDT,Tether USD,30000.0,30000.000000,30000000000,6,30000.0,0.0,27.35985,0.0,27.35985,27.3966,0.0,7.5033294231,0.0,7.5033294231,7.5134079636,130285,345,31,transfer,"transfer(address _to,uint256 _value)",a9059cbb,False,1,False,False,False,False,,,False,False,False,WALLET_TO_WALLET,True,False,USDT Token,TetherToken,USDT Token,https://tron.network/usdt,1,False,30000.0,30000.0,1,USDT,19,1,"Luganodes,Smart Consensus,Crypto Innovation Fund",2025-06-17T01:04:54.805996,0.274246,True
040b8b906eada2af07cef6ef94e62b1e918c5e998dae5b68ad96e2d95a0e26ec,72300614,2025-05-18 08:39:24,2025-05-18,8,Sunday,SUCCESS,CONFIRMED,854691,TF2GVKwjVchpEWs1TonJW8yP6HAcvAvG93,TSpAswScHnu6WqJDaZzjWEA4ztPSzPRtPZ,TR7NHqjeKQxGTCi8q8ZY4pL8otSzgjLj6t,USDT,Tether USD,1.0,1.000000,1000000,6,1.0,0.0,27.35985,0.0,27.35985,27.3966,0.0,7.5033294231,0.0,7.5033294231,7.5134079636,130285,345,31,transfer,"transfer(address _to,uint256 _value)",a9059cbb,False,1,False,False,False,False,,,False,False,False,WALLET_TO_WALLET,True,False,USDT Token,TetherToken,USDT Token,https://tron.network/usdt,1,False,1.0,1.0,1,USDT,19,1,"Kiln_Staking,StakedTron,CryptoChain",2025-06-17T01:07:02.787352,0.274246,True
5b36a1a8e07150ea0493eb047510edd2bd519dc08368387c1dad5bb614c198f9,72585482,2025-05-28 06:07:00,2025-05-28,6,Wednesday,SUCCESS,CONFIRMED,569798,TSpAswScHnu6WqJDaZzjWEA4ztPSzPRtPZ,TD2EDnLB2ap5deVpGjkRJXSiUKiRZYVGgE,TR7NHqjeKQxGTCi8q8ZY4pL8otSzgjLj6t,USDT,Tether USD,30000.0,30000.000000,30000000000,6,30000.0,0.0,27.35985,0.0,27.35985,27.3966,0.0,7.5033294231,0.0,7.5033294231,7.5134079636,130285,345,31,transfer,"transfer(address _to,uint256 _value)",a9059cbb,False,1,False,False,False,False,,,False,False,False,WALLET_TO_WALLET,True,False,USDT Token,TetherToken,USDT Token,https://tron.network/usdt,1,False,30000.0,30000.0,1,USDT,19,1,"Ant Investment Group,Intelligence Quant,Chain Cloud",2025-06-17T01:05:48.601446,0.274246,True
d97809990516197643851eb5083f0e8e5d18ec5e33b6ba8ef560b23405810b05,72649127,2025-05-30 11:10:48,2025-05-30,11,Friday,SUCCESS,CONFIRMED,506145,TRaa8yHXzJ5FoVqJNxzBFtbUNKaVwXx5E1,TSpAswScHnu6WqJDaZzjWEA4ztPSzPRtPZ,TR7NHqjeKQxGTCi8q8ZY4pL8otSzgjLj6t,USDT,Tether USD,100000.0,100000.000000,100000000000,6,100000.0,0.0,13.49985,0.345,13.49985,13.5366,0.0,3.7022798631,0.09461486999999999,3.7022798631,3.7123584035999997,64285,0,31,transfer,"transfer(address _to,uint256 _value)",a9059cbb,False,1,False,False,False,False,,,False,False,False,WALLET_TO_WALLET,True,False,USDT Token,TetherToken,USDT Token,https://tron.network/usdt,1,False,100000.0,100000.0,1,USDT,19,1,"CryptoGuyInZA,https://nansen.ai,OKCoinJapan",2025-06-17T01:05:23.088340,0.274246,True
c741aba1377462f322e6e583522c984da34a7d8e35879164734594e64904dc65,72340949,2025-05-19 18:16:45,2025-05-19,18,Monday,SUCCESS,CONFIRMED,814348,TSpAswScHnu6WqJDaZzjWEA4ztPSzPRtPZ,TD2EDnLB2ap5deVpGjkRJXSiUKiRZYVGgE,TR7NHqjeKQxGTCi8q8ZY4pL8otSzgjLj6t,USDT,Tether USD,25000.0,25000.000000,25000000000,6,25000.0,0.0,27.35985,0.345,27.35985,27.3966,0.0,7.5033294231,0.09461486999999999,7.5033294231,7.5134079636,130285,0,31,transfer,"transfer(address _to,uint256 _value)",a9059cbb,False,1,False,False,False,False,,,False,False,False,WALLET_TO_WALLET,True,False,USDT Token,TetherToken,USDT Token,https://tron.network/usdt,1,False,25000.0,25000.0,1,USDT,19,1,"TRONALLIANCE,Abra Capital Management,Crypto Labs",2025-06-17T01:06:39.865514,0.274246,True
2c07099fc6ed2f0b82d3d95199009719d6c3e198edd576af2f468170af03f8e6,72415677,2025-05-22 08:34:21,2025-05-22,8,Thursday,SUCCESS,CONFIRMED,739616,TF2GVKwjVchpEWs1TonJW8yP6HAcvAvG93,TSpAswScHnu6WqJDaZzjWEA4ztPSzPRtPZ,TR7NHqjeKQxGTCi8q8ZY4pL8otSzgjLj6t,USDT,Tether USD,50000.0,50000.000000,50000000000,6,50000.0,0.0,13.49985,0.0,13.49985,13.5366,0.0,3.7022798631,0.0,3.7022798631,3.7123584035999997,64285,345,31,transfer,"transfer(address _to,uint256 _value)",a9059cbb,False,1,False,False,False,False,,,False,False,False,WALLET_TO_WALLET,True,False,USDT Token,TetherToken,USDT Token,https://tron.network/usdt,1,False,50000.0,50000.0,1,USDT,19,1,"TronSpark,P2P.ORG,Kiln_Staking",2025-06-17T01:06:28.224874,0.274246,True
019d470111c45ba675bd20b6645988e6b27bd5700d2de871cb2435650b66298b,72340957,2025-05-19 18:17:09,2025-05-19,18,Monday,SUCCESS,CONFIRMED,814339,TD28vm13JL1HFq8kWs8P1YiubZWgZYVGgE,TSpAswScHnu6WqJDaZzjWEA4ztPSzPRtPZ,TR7NHqjeKQxGTCi8q8ZY4pL8otSzgjLj6t,USDT,Tether USD,2.5009,2.500900,2500900,6,2.5009,0.0,0.0,0.0,0.0,50.0,0.0,0.0,0.0,0.0,13.712299999999999,64285,345,31,transfer,"transfer(address _to,uint256 _value)",a9059cbb,False,1,False,False,False,False,,,False,False,False,WALLET_TO_WALLET,True,False,USDT Token,TetherToken,USDT Token,https://tron.network/usdt,1,False,2.5009,2.5009,1,USDT,19,1,"BlockchainOrg,Ant Investment Group,Smart Consensus",2025-06-17T01:06:36.861082,0.274246,True
ec5baca362907601f842d73d6f2deb5a1ffc7db668db72d6665fc95ac8fd638f,72973604,2025-06-10 17:39:09,2025-06-10,17,Tuesday,SUCCESS,CONFIRMED,181636,TSpAswScHnu6WqJDaZzjWEA4ztPSzPRtPZ,TD2EDnLB2ap5deVpGjkRJXSiUKiRZYVGgE,TR7NHqjeKQxGTCi8q8ZY4pL8otSzgjLj6t,USDT,Tether USD,20000.0,20000.000000,20000000000,6,20000.0,0.0,13.49985,0.345,13.49985,13.5366,0.0,3.7022798631,0.09461486999999999,3.7022798631,3.7123584035999997,64285,0,31,transfer,"transfer(address _to,uint256 _value)",a9059cbb,False,1,False,False,False,False,,,False,False,False,WALLET_TO_WALLET,True,False,USDT Token,TetherToken,USDT Token,https://tron.network/usdt,1,False,20000.0,20000.0,1,USDT,19,1,"CryptoGuyInZA,https://nansen.ai,OKCoinJapan",2025-06-17T01:03:49.782134,0.274246,True
66cddb57f8b0adc64af0ddbbd1b48151b3588054c75118e72b8e212036b92638,72914214,2025-06-08 16:08:51,2025-06-08,16,Sunday,SUCCESS,CONFIRMED,241031,TSpAswScHnu6WqJDaZzjWEA4ztPSzPRtPZ,TD2EDnLB2ap5deVpGjkRJXSiUKiRZYVGgE,TR7NHqjeKQxGTCi8q8ZY4pL8otSzgjLj6t,USDT,Tether USD,30000.0,30000.000000,30000000000,6,30000.0,0.0,27.35985,0.0,27.35985,27.3966,0.0,7.5033294231,0.0,7.5033294231,7.5134079636,130285,345,31,transfer,"transfer(address _to,uint256 _value)",a9059cbb,False,1,False,False,False,False,,,False,False,False,WALLET_TO_WALLET,True,False,USDT Token,TetherToken,USDT Token,https://tron.network/usdt,1,False,30000.0,30000.0,1,USDT,19,1,"TronSpark,P2P.ORG,Kiln_Staking",2025-06-17T01:04:03.871801,0.274246,True
fbf0432cc27f46627426daeb801732d1abb5053c60fa9f7ef86c50688b43b8fd,72300932,2025-05-18 08:55:18,2025-05-18,8,Sunday,SUCCESS,CONFIRMED,854370,TSpAswScHnu6WqJDaZzjWEA4ztPSzPRtPZ,TD2EDnLB2ap5deVpGjkRJXSiUKiRZYVGgE,TR7NHqjeKQxGTCi8q8ZY4pL8otSzgjLj6t,USDT,Tether USD,10000.0,10000.000000,10000000000,6,10000.0,0.0,13.49985,0.345,13.49985,13.5366,0.0,3.7022798631,0.09461486999999999,3.7022798631,3.7123584035999997,64285,0,31,transfer,"transfer(address _to,uint256 _value)",a9059cbb,False,1,False,False,False,False,,,False,False,False,WALLET_TO_WALLET,True,False,USDT Token,TetherToken,USDT Token,https://tron.network/usdt,1,False,10000.0,10000.0,1,USDT,19,1,"BlockchainOrg,Ant Investment Group,cryptoAI",2025-06-17T01:06:54.299029,0.274246,True
cbfdfe791ee8e444dc6de36332f2d587244107778c16dd84ba10c5f4032bac30,72703259,2025-06-01 08:18:12,2025-06-01,8,Sunday,SUCCESS,CONFIRMED,452005,TSpAswScHnu6WqJDaZzjWEA4ztPSzPRtPZ,TH4QQ9uTJP9NhZMPnhzi9zP4V5RrRXsq25,TR7NHqjeKQxGTCi8q8ZY4pL8otSzgjLj6t,USDT,Tether USD,10000.0,10000.000000,10000000000,6,10000.0,0.0,27.35985,0.345,27.35985,27.3966,0.0,7.5033294231,0.09461486999999999,7.5033294231,7.5134079636,130285,0,31,transfer,"transfer(address _to,uint256 _value)",a9059cbb,False,1,False,False,False,False,,,False,False,False,WALLET_TO_WALLET,True,False,USDT Token,TetherToken,USDT Token,https://tron.network/usdt,1,False,10000.0,10000.0,1,USDT,19,1,"metaverse home,BlockchainOrg,cryptoAI",2025-06-17T01:05:00.436427,0.274246,True
146140708674da0da58a5ad1d5a46302a72d64a71fd376d7a582d4c5ad22f8de,72651395,2025-05-30 13:04:18,2025-05-30,13,Friday,SUCCESS,CONFIRMED,503876,TSpAswScHnu6WqJDaZzjWEA4ztPSzPRtPZ,TD2EDnLB2ap5deVpGjkRJXSiUKiRZYVGgE,TR7NHqjeKQxGTCi8q8ZY4pL8otSzgjLj6t,USDT,Tether USD,20000.0,20000.000000,20000000000,6,20000.0,0.0,27.35985,0.0,27.35985,27.3966,0.0,7.5033294231,0.0,7.5033294231,7.5134079636,130285,345,31,transfer,"transfer(address _to,uint256 _value)",a9059cbb,False,1,False,False,False,False,,,False,False,False,WALLET_TO_WALLET,True,False,USDT Token,TetherToken,USDT Token,https://tron.network/usdt,1,False,20000.0,20000.0,1,USDT,19,1,"OKCoinJapan,Binance Staking,Poloniex",2025-06-17T01:05:20.312004,0.274246,True
789460893de739ec0f2ddb1ca35b19da13d99f89980ef2957cd58fb84852715f,72551938,2025-05-27 02:09:18,2025-05-27,2,Tuesday,SUCCESS,CONFIRMED,603344,TD2yM8Zu6bLGyDVd9MAGDQpPvZ3RZYVGgE,TSpAswScHnu6WqJDaZzjWEA4ztPSzPRtPZ,TR7NHqjeKQxGTCi8q8ZY4pL8otSzgjLj6t,USDT,Tether USD,0.625001,0.625001,625001,6,0.625001,0.0,0.0,0.0,0.0,40.0,0.0,0.0,0.0,0.0,10.96984,64285,345,31,transfer,"transfer(address _to,uint256 _value)",a9059cbb,True,3,False,True,False,True,,,False,False,False,WALLET_TO_WALLET,True,False,USDT Token,TetherToken,USDT Token,https://tron.network/usdt,1,False,0.625001,0.625001,1,USDT,19,1,"StakedTron,CryptoChain,Google Cloud",2025-06-17T01:05:54.273762,0.274246,True
9fd7f130fcd7c18318e54fb1b7cd9bbb4a707498238cef7586be2108b67a59cd,72816855,2025-06-05 06:59:36,2025-06-05,6,Thursday,SUCCESS,CONFIRMED,338400,TF2GVKwjVchpEWs1TonJW8yP6HAcvAvG93,TSpAswScHnu6WqJDaZzjWEA4ztPSzPRtPZ,TR7NHqjeKQxGTCi8q8ZY4pL8otSzgjLj6t,USDT,Tether USD,50000.0,50000.000000,50000000000,6,50000.0,0.0,13.49985,0.0,13.49985,13.5366,0.0,3.7022798631,0.0,3.7022798631,3.7123584035999997,64285,345,31,transfer,"transfer(address _to,uint256 _value)",a9059cbb,False,1,False,False,False,False,,,False,False,False,WALLET_TO_WALLET,True,False,USDT Token,TetherToken,USDT Token,https://tron.network/usdt,1,False,50000.0,50000.0,1,USDT,19,1,"CryptoChain,Google Cloud,CryptoGuyInZA",2025-06-17T01:04:32.182469,0.274246,True
7edec32130359acce4cbea6d66dc876e15e559521d756dadefa1e6df928dac85,73027140,2025-06-12 14:17:00,2025-06-12,14,Thursday,SUCCESS,CONFIRMED,128094,TSpAswScHnu6WqJDaZzjWEA4ztPSzPRtPZ,TD2EDnLB2ap5deVpGjkRJXSiUKiRZYVGgE,TR7NHqjeKQxGTCi8q8ZY4pL8otSzgjLj6t,USDT,Tether USD,25000.0,25000.000000,25000000000,6,25000.0,0.0,27.35985,0.345,27.35985,27.3966,0.0,7.5033294231,0.09461486999999999,7.5033294231,7.5134079636,130285,0,31,transfer,"transfer(address _to,uint256 _value)",a9059cbb,False,1,False,False,False,False,,,False,False,False,WALLET_TO_WALLET,True,False,USDT Token,TetherToken,USDT Token,https://tron.network/usdt,1,False,25000.0,25000.0,1,USDT,19,1,"BlockchainOrg,Crypto Innovation Fund,Ant Investment Group",2025-06-17T01:03:30.070048,0.274246,True
ddbdf51a251bd533028b068710a5d4cd3cef7e35c16a0ce61bc71c28a1815208,72883972,2025-06-07 14:56:21,2025-06-07,14,Saturday,SUCCESS,CONFIRMED,271275,TSpAswScHnu6WqJDaZzjWEA4ztPSzPRtPZ,TENi9TAqTNgDx82KhkdsZcxhiSoHu7zBXN,TR7NHqjeKQxGTCi8q8ZY4pL8otSzgjLj6t,USDT,Tether USD,5000.0,5000.000000,5000000000,6,5000.0,0.0,13.49985,0.345,13.49985,13.5366,0.0,3.7022798631,0.09461486999999999,3.7022798631,3.7123584035999997,64285,0,31,transfer,"transfer(address _to,uint256 _value)",a9059cbb,False,1,False,False,False,False,,,False,False,False,WALLET_TO_WALLET,True,False,USDT Token,TetherToken,USDT Token,https://tron.network/usdt,1,False,5000.0,5000.0,1,USDT,19,1,"HTX.COM,Smart Consensus,Crypto Innovation Fund",2025-06-17T01:04:09.527270,0.274246,True
b72a2b30a62320ad73e6ba403057c91dd35bbcdcd1fb57ef3fad8e8b38a21a20,72415805,2025-05-22 08:40:45,2025-05-22,8,Thursday,SUCCESS,CONFIRMED,739487,TD28vm13JL1HFq8kWs8P1YiubZWgZYVGgE,TSpAswScHnu6WqJDaZzjWEA4ztPSzPRtPZ,TR7NHqjeKQxGTCi8q8ZY4pL8otSzgjLj6t,USDT,Tether USD,2.5009,2.500900,2500900,6,2.5009,0.0,0.0,0.0,0.0,50.0,0.0,0.0,0.0,0.0,13.712299999999999,64285,345,31,transfer,"transfer(address _to,uint256 _value)",a9059cbb,False,1,False,False,False,False,,,False,False,False,WALLET_TO_WALLET,True,False,USDT Token,TetherToken,USDT Token,https://tron.network/usdt,1,False,2.5009,2.5009,1,USDT,19,1,"Chain Cloud,Smart Consensus,BlockchainOrg",2025-06-17T01:06:22.591237,0.274246,True
4bf9df52809a17004aa371b0b86a7b0b8960d5c447bb434a9524c16bba72da4e,72329190,2025-05-19 08:28:36,2025-05-19,8,Monday,SUCCESS,CONFIRMED,826109,TSpAswScHnu6WqJDaZzjWEA4ztPSzPRtPZ,TD2EDnLB2ap5deVpGjkRJXSiUKiRZYVGgE,TR7NHqjeKQxGTCi8q8ZY4pL8otSzgjLj6t,USDT,Tether USD,10000.0,10000.000000,10000000000,6,10000.0,0.0,27.35985,0.0,27.35985,27.3966,0.0,7.5033294231,0.0,7.5033294231,7.5134079636,130285,345,31,transfer,"transfer(address _to,uint256 _value)",a9059cbb,False,1,False,False,False,False,,,False,False,False,WALLET_TO_WALLET,True,False,USDT Token,TetherToken,USDT Token,https://tron.network/usdt,1,False,10000.0,10000.0,1,USDT,19,1,"HTX.COM,BlockchainOrg,Smart Consensus",2025-06-17T01:06:45.559880,0.274246,True
dcd0fbc3b775fba67e1de4fe12612c5192d52e28ea567b2758eb18eab264a680,72832248,2025-06-05 19:49:27,2025-06-05,19,Thursday,SUCCESS,CONFIRMED,323005,TSpAswScHnu6WqJDaZzjWEA4ztPSzPRtPZ,TH4QQ9uTJP9NhZMPnhzi9zP4V5RrRXsq25,TR7NHqjeKQxGTCi8q8ZY4pL8otSzgjLj6t,USDT,Tether USD,5000.0,5000.000000,5000000000,6,5000.0,0.0,27.35985,0.345,27.35985,27.3966,0.0,7.5033294231,0.09461486999999999,7.5033294231,7.5134079636,130285,0,31,transfer,"transfer(address _to,uint256 _value)",a9059cbb,False,1,False,False,False,False,,,False,False,False,WALLET_TO_WALLET,True,False,USDT Token,TetherToken,USDT Token,https://tron.network/usdt,1,False,5000.0,5000.0,1,USDT,19,1,"TRONALLIANCE,Abra Capital Management,Crypto Labs",2025-06-17T01:04:26.498467,0.274246,True
b7a7c23dfc8a653c71e775c90add9de298ac6d19d189c612a60d91bba4f8dbd7,72743391,2025-06-02 17:45:18,2025-06-02,17,Monday,SUCCESS,CONFIRMED,411870,TSpAswScHnu6WqJDaZzjWEA4ztPSzPRtPZ,TENi9TAqTNgDx82KhkdsZcxhiSoHu7zBXN,TR7NHqjeKQxGTCi8q8ZY4pL8otSzgjLj6t,USDT,Tether USD,5000.0,5000.000000,5000000000,6,5000.0,0.0,27.35985,0.345,27.35985,27.3966,0.0,7.5033294231,0.09461486999999999,7.5033294231,7.5134079636,130285,0,31,transfer,"transfer(address _to,uint256 _value)",a9059cbb,False,1,False,False,False,False,,,False,False,False,WALLET_TO_WALLET,True,False,USDT Token,TetherToken,USDT Token,https://tron.network/usdt,1,False,5000.0,5000.0,1,USDT,19,1,"Abra Capital Management,Crypto Labs,BlockAnalysis",2025-06-17T01:04:49.150403,0.274246,True
f1459ace96427caebffc101bacd5ded243303b492f72db096162672e14ca49ef,73001041,2025-06-11 16:31:24,2025-06-11,16,Wednesday,SUCCESS,CONFIRMED,154197,TF2GVKwjVchpEWs1TonJW8yP6HAcvAvG93,TSpAswScHnu6WqJDaZzjWEA4ztPSzPRtPZ,TR7NHqjeKQxGTCi8q8ZY4pL8otSzgjLj6t,USDT,Tether USD,50000.0,50000.000000,50000000000,6,50000.0,0.0,13.49985,0.345,13.49985,13.5366,0.0,3.7022798631,0.09461486999999999,3.7022798631,3.7123584035999997,64285,0,31,transfer,"transfer(address _to,uint256 _value)",a9059cbb,False,1,False,False,False,False,,,False,False,False,WALLET_TO_WALLET,True,False,USDT Token,TetherToken,USDT Token,https://tron.network/usdt,1,False,50000.0,50000.0,1,USDT,19,1,"HTX.COM,Smart Consensus,cryptoAI",2025-06-17T01:03:44.147870,0.274246,True
d84152a68951bfbeaa18a34fbdff0eaac401b8c8af3198262d932f8a8992f561,72883953,2025-06-07 14:55:24,2025-06-07,14,Saturday,SUCCESS,CONFIRMED,271295,TSpAswScHnu6WqJDaZzjWEA4ztPSzPRtPZ,TH4QQ9uTJP9NhZMPnhzi9zP4V5RrRXsq25,TR7NHqjeKQxGTCi8q8ZY4pL8otSzgjLj6t,USDT,Tether USD,5000.0,5000.000000,5000000000,6,5000.0,0.0,27.35985,0.345,27.35985,27.3966,0.0,7.5033294231,0.09461486999999999,7.5033294231,7.5134079636,130285,0,31,transfer,"transfer(address _to,uint256 _value)",a9059cbb,False,1,False,False,False,False,,,False,False,False,WALLET_TO_WALLET,True,False,USDT Token,TetherToken,USDT Token,https://tron.network/usdt,1,False,5000.0,5000.0,1,USDT,19,1,"Ant Investment Group,Google Cloud,TronSpark",2025-06-17T01:04:12.360299,0.274246,True
7634d3c3ed7eea308fb95b14be87df3373670f98f7f020c1b6a9d7d30fa8c2e2,72592325,2025-05-28 11:49:09,2025-05-28,11,Wednesday,SUCCESS,CONFIRMED,562952,TSpAswScHnu6WqJDaZzjWEA4ztPSzPRtPZ,TENi9TAqTNgDx82KhkdsZcxhiSoHu7zBXN,TR7NHqjeKQxGTCi8q8ZY4pL8otSzgjLj6t,USDT,Tether USD,5000.0,5000.000000,5000000000,6,5000.0,0.0,27.35985,0.345,27.35985,27.3966,0.0,7.5033294231,0.09461486999999999,7.5033294231,7.5134079636,130285,0,31,transfer,"transfer(address _to,uint256 _value)",a9059cbb,False,1,False,False,False,False,,,False,False,False,WALLET_TO_WALLET,True,False,USDT Token,TetherToken,USDT Token,https://tron.network/usdt,1,False,5000.0,5000.0,1,USDT,19,1,"OKCoinJapan,Binance Staking,Poloniex",2025-06-17T01:05:37.343324,0.274246,True
