Txn Hash,Block,Time(UTC),From,To,Token,Token Symbol,Amount/TokenID,Result,Status
3bb06f21d607e8c19b0638c6f9ecd3986c377d47116f737ab1964d324223bef9,73117914,2025-06-15 17:56:54,TSpAswScHnu6WqJDaZzjWEA4ztPSzPRtPZ,TD2EDnLB2ap5deVpGjkRJXSiUKiRZYVGgE,TR7NHqjeKQxGTCi8q8ZY4pL8otSzgjLj6t,USDT,5000.000000000000000000,SUCCESS,CONFIRMED
dce1f83e5721488d1c0891d03f413e1af760013bb3fac074282af7ed5bd1fab8,73111068,2025-06-15 12:14:36,TVof5BJd1vmcro66JThYQ9gCbDupZYVGgE,TSpAswScHnu6WqJDaZzjWEA4ztPSzPRtPZ,TR7NHqjeKQxGTCi8q8ZY4pL8otSzgjLj6t,USDT,1.000000000000000000,SUCCESS,CONFIRMED
c9c57c5458086df27415f07040274e60912df70a7ddd9ab3397d6ad226defb02,73111055,2025-06-15 12:13:57,TSpAswScHnu6WqJDaZzjWEA4ztPSzPRtPZ,TD2EDnLB2ap5deVpGjkRJXSiUKiRZYVGgE,TR7NHqjeKQxGTCi8q8ZY4pL8otSzgjLj6t,USDT,40000.000000000000000000,SUCCESS,CONFIRMED
b665d740a70d6bb3b8046fa6ac82a0b6b962c6cbbe5967113088a97d30c47d18,73108843,2025-06-15 10:23:15,TF2GVKwjVchpEWs1TonJW8yP6HAcvAvG93,TSpAswScHnu6WqJDaZzjWEA4ztPSzPRtPZ,TR7NHqjeKQxGTCi8q8ZY4pL8otSzgjLj6t,USDT,50000.000000000000000000,SUCCESS,CONFIRMED
1ee2cceb55b3bb130517a82b7cbf440da1841d8fcfc2ec3e767b5705492ed2dd,73102921,2025-06-15 05:27:03,TSpAswScHnu6WqJDaZzjWEA4ztPSzPRtPZ,TH4QQ9uTJP9NhZMPnhzi9zP4V5RrRXsq25,TR7NHqjeKQxGTCi8q8ZY4pL8otSzgjLj6t,USDT,5000.000000000000000000,SUCCESS,CONFIRMED
cab713186c14247c1eb7f9404a547982e5c65d9d2270b78a3319fdb1bd68e62d,73079670,2025-06-14 10:04:12,TSpAswScHnu6WqJDaZzjWEA4ztPSzPRtPZ,TD2EDnLB2ap5deVpGjkRJXSiUKiRZYVGgE,TR7NHqjeKQxGTCi8q8ZY4pL8otSzgjLj6t,USDT,35000.000000000000000000,SUCCESS,CONFIRMED
45e7851f9e5ad8514fd7568f287bc80a774ae7b4784e0aa15babf08447b3ed7d,73079338,2025-06-14 09:47:36,TF2GVKwjVchpEWs1TonJW8yP6HAcvAvG93,TSpAswScHnu6WqJDaZzjWEA4ztPSzPRtPZ,TR7NHqjeKQxGTCi8q8ZY4pL8otSzgjLj6t,USDT,50000.000000000000000000,SUCCESS,CONFIRMED
42ae2e251d3bae762341533078fee12d7b7c07fa1ea8effc4a6c1260585a83ff,73052972,2025-06-13 11:48:54,TSpAswScHnu6WqJDaZzjWEA4ztPSzPRtPZ,TD2EDnLB2ap5deVpGjkRJXSiUKiRZYVGgE,TR7NHqjeKQxGTCi8q8ZY4pL8otSzgjLj6t,USDT,30000.000000000000000000,SUCCESS,CONFIRMED
759ce23480177c79fc2c8d32e4c5375e28acf5f5ffbf32b3cdf8d222c07e8a77,73052946,2025-06-13 11:47:36,TSpAswScHnu6WqJDaZzjWEA4ztPSzPRtPZ,TENi9TAqTNgDx82KhkdsZcxhiSoHu7zBXN,TR7NHqjeKQxGTCi8q8ZY4pL8otSzgjLj6t,USDT,5000.000000000000000000,SUCCESS,CONFIRMED
a875afdc91c984c8f7eeb65176c3881d8a69fce4581a72f592d7bc331afb92c1,73052922,2025-06-13 11:46:24,TSpAswScHnu6WqJDaZzjWEA4ztPSzPRtPZ,TD2EDnLB2ap5deVpGjkRJXSiUKiRZYVGgE,TR7NHqjeKQxGTCi8q8ZY4pL8otSzgjLj6t,USDT,5000.000000000000000000,SUCCESS,CONFIRMED
05757a05404cbe48af995e92d0b883d54304721c500f6ba79039983fb07cc694,73052891,2025-06-13 11:44:51,TF2GVKwjVchpEWs1TonJW8yP6HAcvAvG93,TSpAswScHnu6WqJDaZzjWEA4ztPSzPRtPZ,TR7NHqjeKQxGTCi8q8ZY4pL8otSzgjLj6t,USDT,50000.000000000000000000,SUCCESS,CONFIRMED
5ff82408541444148ddb318d31d68b881e87cf33dd7e469d6943000d47427962,73034708,2025-06-12 20:35:30,TSpAswScHnu6WqJDaZzjWEA4ztPSzPRtPZ,TD2EDnLB2ap5deVpGjkRJXSiUKiRZYVGgE,TR7NHqjeKQxGTCi8q8ZY4pL8otSzgjLj6t,USDT,15000.000000000000000000,SUCCESS,CONFIRMED
65e8d05d85d4f67d6c8fc33e5aa3b7b79b4873b67fa7002ac94ce45cd58d9506,73033214,2025-06-12 19:20:48,TSpAswScHnu6WqJDaZzjWEA4ztPSzPRtPZ,TD2EDnLB2ap5deVpGjkRJXSiUKiRZYVGgE,TR7NHqjeKQxGTCi8q8ZY4pL8otSzgjLj6t,USDT,5000.000000000000000000,SUCCESS,CONFIRMED
93ce9ca7e2b8edf5ad34f4d6df1b683555aa87d467f626fe0d9f64205d89fe74,73033196,2025-06-12 19:19:54,TSpAswScHnu6WqJDaZzjWEA4ztPSzPRtPZ,TH4QQ9uTJP9NhZMPnhzi9zP4V5RrRXsq25,TR7NHqjeKQxGTCi8q8ZY4pL8otSzgjLj6t,USDT,5000.000000000000000000,SUCCESS,CONFIRMED
7edec32130359acce4cbea6d66dc876e15e559521d756dadefa1e6df928dac85,73027140,2025-06-12 14:17:00,TSpAswScHnu6WqJDaZzjWEA4ztPSzPRtPZ,TD2EDnLB2ap5deVpGjkRJXSiUKiRZYVGgE,TR7NHqjeKQxGTCi8q8ZY4pL8otSzgjLj6t,USDT,25000.000000000000000000,SUCCESS,CONFIRMED
8785f19e85f829a94afd688c80aba7895b09ec5779d3c708a581e8dac1e45c1c,73027115,2025-06-12 14:15:45,TF2GVKwjVchpEWs1TonJW8yP6HAcvAvG93,TSpAswScHnu6WqJDaZzjWEA4ztPSzPRtPZ,TR7NHqjeKQxGTCi8q8ZY4pL8otSzgjLj6t,USDT,50000.000000000000000000,SUCCESS,CONFIRMED
fd0f138b5fcd9978df1d050014c450cad01f7abaa22483bfd016dd2884b9d2c1,73026836,2025-06-12 14:01:48,TSpAswScHnu6WqJDaZzjWEA4ztPSzPRtPZ,TD2EDnLB2ap5deVpGjkRJXSiUKiRZYVGgE,TR7NHqjeKQxGTCi8q8ZY4pL8otSzgjLj6t,USDT,5000.000000000000000000,SUCCESS,CONFIRMED
e1eaa61d95083fb69c014c27ec3bfe894d3e8f17110a518d57ed421462d5cf97,73026810,2025-06-12 14:00:30,TSpAswScHnu6WqJDaZzjWEA4ztPSzPRtPZ,TENi9TAqTNgDx82KhkdsZcxhiSoHu7zBXN,TR7NHqjeKQxGTCi8q8ZY4pL8otSzgjLj6t,USDT,5000.000000000000000000,SUCCESS,CONFIRMED
fce3303d22ce166d177e422042a06c54f7c885006e98c63786fe4bd79d942f7e,73001150,2025-06-11 16:36:51,TSpAswScHnu6WqJDaZzjWEA4ztPSzPRtPZ,TD2EDnLB2ap5deVpGjkRJXSiUKiRZYVGgE,TR7NHqjeKQxGTCi8q8ZY4pL8otSzgjLj6t,USDT,40000.000000000000000000,SUCCESS,CONFIRMED
f1459ace96427caebffc101bacd5ded243303b492f72db096162672e14ca49ef,73001041,2025-06-11 16:31:24,TF2GVKwjVchpEWs1TonJW8yP6HAcvAvG93,TSpAswScHnu6WqJDaZzjWEA4ztPSzPRtPZ,TR7NHqjeKQxGTCi8q8ZY4pL8otSzgjLj6t,USDT,50000.000000000000000000,SUCCESS,CONFIRMED
cde0a6a932e8d4e2c0b9969bd388836a14c65b7dc3cf7ec2a5ab8f84f4e2a9ee,72973651,2025-06-10 17:41:30,TSpAswScHnu6WqJDaZzjWEA4ztPSzPRtPZ,TD2EDnLB2ap5deVpGjkRJXSiUKiRZYVGgE,TR7NHqjeKQxGTCi8q8ZY4pL8otSzgjLj6t,USDT,5000.000000000000000000,SUCCESS,CONFIRMED
ec5baca362907601f842d73d6f2deb5a1ffc7db668db72d6665fc95ac8fd638f,72973604,2025-06-10 17:39:09,TSpAswScHnu6WqJDaZzjWEA4ztPSzPRtPZ,TD2EDnLB2ap5deVpGjkRJXSiUKiRZYVGgE,TR7NHqjeKQxGTCi8q8ZY4pL8otSzgjLj6t,USDT,20000.000000000000000000,SUCCESS,CONFIRMED
1cca03a3da61fa53ff082de2dbbea36534967220c53b4a7f10026eadfdc7299c,72973579,2025-06-10 17:37:54,TSpAswScHnu6WqJDaZzjWEA4ztPSzPRtPZ,TH4QQ9uTJP9NhZMPnhzi9zP4V5RrRXsq25,TR7NHqjeKQxGTCi8q8ZY4pL8otSzgjLj6t,USDT,5000.000000000000000000,SUCCESS,CONFIRMED
95be82937fcd33a1c927db72d51abcf1e8850ee994e19fb66275cb931f837ab2,72946878,2025-06-09 19:22:33,TSpAswScHnu6WqJDaZzjWEA4ztPSzPRtPZ,TD2EDnLB2ap5deVpGjkRJXSiUKiRZYVGgE,TR7NHqjeKQxGTCi8q8ZY4pL8otSzgjLj6t,USDT,30000.000000000000000000,SUCCESS,CONFIRMED
ffef0cc3c475747532519fdb56e07b27fb0c3e2e34eb89436e1f560798dbee9d,72943806,2025-06-09 16:48:51,TF2GVKwjVchpEWs1TonJW8yP6HAcvAvG93,TSpAswScHnu6WqJDaZzjWEA4ztPSzPRtPZ,TR7NHqjeKQxGTCi8q8ZY4pL8otSzgjLj6t,USDT,50000.000000000000000000,SUCCESS,CONFIRMED
1877d7ac1361215507d62d2eb8628cc2a5e7a00e8b30a8911bd0cb532e57dac3,72914244,2025-06-08 16:10:21,TSpAswScHnu6WqJDaZzjWEA4ztPSzPRtPZ,TENi9TAqTNgDx82KhkdsZcxhiSoHu7zBXN,TR7NHqjeKQxGTCi8q8ZY4pL8otSzgjLj6t,USDT,10000.000000000000000000,SUCCESS,CONFIRMED
66cddb57f8b0adc64af0ddbbd1b48151b3588054c75118e72b8e212036b92638,72914214,2025-06-08 16:08:51,TSpAswScHnu6WqJDaZzjWEA4ztPSzPRtPZ,TD2EDnLB2ap5deVpGjkRJXSiUKiRZYVGgE,TR7NHqjeKQxGTCi8q8ZY4pL8otSzgjLj6t,USDT,30000.000000000000000000,SUCCESS,CONFIRMED
7b6c6e1dac58508ca8f0ab03a312792654cbf5a539945d8201671d57d78f68c3,72913791,2025-06-08 15:47:42,TF2GVKwjVchpEWs1TonJW8yP6HAcvAvG93,TSpAswScHnu6WqJDaZzjWEA4ztPSzPRtPZ,TR7NHqjeKQxGTCi8q8ZY4pL8otSzgjLj6t,USDT,50000.000000000000000000,SUCCESS,CONFIRMED
ddbdf51a251bd533028b068710a5d4cd3cef7e35c16a0ce61bc71c28a1815208,72883972,2025-06-07 14:56:21,TSpAswScHnu6WqJDaZzjWEA4ztPSzPRtPZ,TENi9TAqTNgDx82KhkdsZcxhiSoHu7zBXN,TR7NHqjeKQxGTCi8q8ZY4pL8otSzgjLj6t,USDT,5000.000000000000000000,SUCCESS,CONFIRMED
d84152a68951bfbeaa18a34fbdff0eaac401b8c8af3198262d932f8a8992f561,72883953,2025-06-07 14:55:24,TSpAswScHnu6WqJDaZzjWEA4ztPSzPRtPZ,TH4QQ9uTJP9NhZMPnhzi9zP4V5RrRXsq25,TR7NHqjeKQxGTCi8q8ZY4pL8otSzgjLj6t,USDT,5000.000000000000000000,SUCCESS,CONFIRMED
596625497faa614ddd7cf480528d17960c31361682ce05dc0cd5d18be572ecb5,72883901,2025-06-07 14:52:48,TSpAswScHnu6WqJDaZzjWEA4ztPSzPRtPZ,TD2EDnLB2ap5deVpGjkRJXSiUKiRZYVGgE,TR7NHqjeKQxGTCi8q8ZY4pL8otSzgjLj6t,USDT,20000.000000000000000000,SUCCESS,CONFIRMED
233d48690d6ab31fe48cec64245ae523a351b3e4007db8827fc2dd501f3c93a9,72883818,2025-06-07 14:48:39,TF2GVKwjVchpEWs1TonJW8yP6HAcvAvG93,TSpAswScHnu6WqJDaZzjWEA4ztPSzPRtPZ,TR7NHqjeKQxGTCi8q8ZY4pL8otSzgjLj6t,USDT,30000.000000000000000000,SUCCESS,CONFIRMED
5d867b69d9926d3de7aa4bc6054f9eb866034fa1c57c888810234b678c7088df,72861959,2025-06-06 20:35:24,TSpAswScHnu6WqJDaZzjWEA4ztPSzPRtPZ,TD2EDnLB2ap5deVpGjkRJXSiUKiRZYVGgE,TR7NHqjeKQxGTCi8q8ZY4pL8otSzgjLj6t,USDT,5000.000000000000000000,SUCCESS,CONFIRMED
db2e0498e832c6fe2d35c518cc69be41e25c34944519273aac7dfa88f687d376,72856815,2025-06-06 16:18:06,TSpAswScHnu6WqJDaZzjWEA4ztPSzPRtPZ,TD2EDnLB2ap5deVpGjkRJXSiUKiRZYVGgE,TR7NHqjeKQxGTCi8q8ZY4pL8otSzgjLj6t,USDT,30000.000000000000000000,SUCCESS,CONFIRMED
dcd0fbc3b775fba67e1de4fe12612c5192d52e28ea567b2758eb18eab264a680,72832248,2025-06-05 19:49:27,TSpAswScHnu6WqJDaZzjWEA4ztPSzPRtPZ,TH4QQ9uTJP9NhZMPnhzi9zP4V5RrRXsq25,TR7NHqjeKQxGTCi8q8ZY4pL8otSzgjLj6t,USDT,5000.000000000000000000,SUCCESS,CONFIRMED
934c0a701a2c6e871c19a98122776d79bdac257d3ff4704451d1d42547e598aa,72818022,2025-06-05 07:57:57,TSpAswScHnu6WqJDaZzjWEA4ztPSzPRtPZ,TENi9TAqTNgDx82KhkdsZcxhiSoHu7zBXN,TR7NHqjeKQxGTCi8q8ZY4pL8otSzgjLj6t,USDT,10000.000000000000000000,SUCCESS,CONFIRMED
9fd7f130fcd7c18318e54fb1b7cd9bbb4a707498238cef7586be2108b67a59cd,72816855,2025-06-05 06:59:36,TF2GVKwjVchpEWs1TonJW8yP6HAcvAvG93,TSpAswScHnu6WqJDaZzjWEA4ztPSzPRtPZ,TR7NHqjeKQxGTCi8q8ZY4pL8otSzgjLj6t,USDT,50000.000000000000000000,SUCCESS,CONFIRMED
078f7015b59a98840518cb8f453541eeed33cfffec0166b1dcc8eb41c3754ff4,72803561,2025-06-04 19:54:42,TSpAswScHnu6WqJDaZzjWEA4ztPSzPRtPZ,TD2EDnLB2ap5deVpGjkRJXSiUKiRZYVGgE,TR7NHqjeKQxGTCi8q8ZY4pL8otSzgjLj6t,USDT,30000.000000000000000000,SUCCESS,CONFIRMED
ad21042d025dc6b8cc45955a56efd24ad0904638c2a22a210922d27f8ba4acf3,72774735,2025-06-03 19:53:00,TSpAswScHnu6WqJDaZzjWEA4ztPSzPRtPZ,TD2EDnLB2ap5deVpGjkRJXSiUKiRZYVGgE,TR7NHqjeKQxGTCi8q8ZY4pL8otSzgjLj6t,USDT,5000.000000000000000000,SUCCESS,CONFIRMED
2bc0c1095e993f1b86dbde9c184034dc0f38840aaa7dc5ca1376e3af4b2c77d5,72771115,2025-06-03 16:51:54,TD2ENgzbbYd4BuAWSbhrx1FFabyrgYVGgE,TSpAswScHnu6WqJDaZzjWEA4ztPSzPRtPZ,TR7NHqjeKQxGTCi8q8ZY4pL8otSzgjLj6t,USDT,0.035001000000000000,SUCCESS,CONFIRMED
98ef42bc9eb9dd6fa5880865bf442ee2cd1b99849b66c2221cd63af5c72dd3c9,72771110,2025-06-03 16:51:39,TSpAswScHnu6WqJDaZzjWEA4ztPSzPRtPZ,TD2EDnLB2ap5deVpGjkRJXSiUKiRZYVGgE,TR7NHqjeKQxGTCi8q8ZY4pL8otSzgjLj6t,USDT,35000.000000000000000000,SUCCESS,CONFIRMED
36b222b69859235e62f8d00b56289ee75bba1f152a0f1c1122f3a4737ed42db3,72743397,2025-06-02 17:45:36,TENgZDqLJHrvUKXgcWTNMJY2FJZXu7zBXN,TSpAswScHnu6WqJDaZzjWEA4ztPSzPRtPZ,TR7NHqjeKQxGTCi8q8ZY4pL8otSzgjLj6t,USDT,0.050010000000000000,SUCCESS,CONFIRMED
b7a7c23dfc8a653c71e775c90add9de298ac6d19d189c612a60d91bba4f8dbd7,72743391,2025-06-02 17:45:18,TSpAswScHnu6WqJDaZzjWEA4ztPSzPRtPZ,TENi9TAqTNgDx82KhkdsZcxhiSoHu7zBXN,TR7NHqjeKQxGTCi8q8ZY4pL8otSzgjLj6t,USDT,5000.000000000000000000,SUCCESS,CONFIRMED
112741b53ca53b159d086365b3e5ae2bf1108ec79bbf49b8c3db82f626e94698,72740187,2025-06-02 15:05:06,TD2ENgzbbYd4BuAWSbhrx1FFabyrgYVGgE,TSpAswScHnu6WqJDaZzjWEA4ztPSzPRtPZ,TR7NHqjeKQxGTCi8q8ZY4pL8otSzgjLj6t,USDT,0.030001000000000000,SUCCESS,CONFIRMED
eb32baeb9037ee40f1aadaf79d26479ea8795ea098ced3ade6122bcb82304b20,72740181,2025-06-02 15:04:48,TSpAswScHnu6WqJDaZzjWEA4ztPSzPRtPZ,TD2EDnLB2ap5deVpGjkRJXSiUKiRZYVGgE,TR7NHqjeKQxGTCi8q8ZY4pL8otSzgjLj6t,USDT,30000.000000000000000000,SUCCESS,CONFIRMED
4dcb49fd5849a7c784dfcd6a9effbfbdd7f53bbe57ace75174d80d4473c89be5,72739579,2025-06-02 14:34:42,TRaa8yHXzJ5FoVqJNxzBFtbUNKaVwXx5E1,TSpAswScHnu6WqJDaZzjWEA4ztPSzPRtPZ,TR7NHqjeKQxGTCi8q8ZY4pL8otSzgjLj6t,USDT,100000.000000000000000000,SUCCESS,CONFIRMED
cbfdfe791ee8e444dc6de36332f2d587244107778c16dd84ba10c5f4032bac30,72703259,2025-06-01 08:18:12,TSpAswScHnu6WqJDaZzjWEA4ztPSzPRtPZ,TH4QQ9uTJP9NhZMPnhzi9zP4V5RrRXsq25,TR7NHqjeKQxGTCi8q8ZY4pL8otSzgjLj6t,USDT,10000.000000000000000000,SUCCESS,CONFIRMED
e4b84bb258b2452a0217cebcb45026d985d980471e964f04b056bfe266869d46,72703231,2025-06-01 08:16:48,TD2EJXkr4aZ2bnkYfWez4AYWpUYWcYVGgE,TSpAswScHnu6WqJDaZzjWEA4ztPSzPRtPZ,TR7NHqjeKQxGTCi8q8ZY4pL8otSzgjLj6t,USDT,3.000900000000000000,SUCCESS,CONFIRMED
2975f42c113657ef12449c383239a615fe05ce959629257b80338d661499116a,72703225,2025-06-01 08:16:30,TSpAswScHnu6WqJDaZzjWEA4ztPSzPRtPZ,TD2EDnLB2ap5deVpGjkRJXSiUKiRZYVGgE,TR7NHqjeKQxGTCi8q8ZY4pL8otSzgjLj6t,USDT,30000.000000000000000000,SUCCESS,CONFIRMED
fcc1fe1b0b6242ffdd1a4b594f505d3cdf49188c411f8fe44178378537f9e4b0,72675793,2025-05-31 09:24:30,TD2yM8Zu6bLGyDVd9MAGDQpPvZ3RZYVGgE,TSpAswScHnu6WqJDaZzjWEA4ztPSzPRtPZ,TR7NHqjeKQxGTCi8q8ZY4pL8otSzgjLj6t,USDT,0.030010000000000000,SUCCESS,CONFIRMED
aa2dcdea95e47ffd14f78f1f4befabda4d2ecdd8e2eeb7751043ec671420cd15,72675784,2025-05-31 09:24:03,TSpAswScHnu6WqJDaZzjWEA4ztPSzPRtPZ,TD2EDnLB2ap5deVpGjkRJXSiUKiRZYVGgE,TR7NHqjeKQxGTCi8q8ZY4pL8otSzgjLj6t,USDT,30000.000000000000000000,SUCCESS,CONFIRMED
126f5decd48cbfdd52fea797e4f75e672e7e20b6f41d536c1997ba47103e5c60,72669835,2025-05-31 04:26:30,TSpAswScHnu6WqJDaZzjWEA4ztPSzPRtPZ,TH4QQ9uTJP9NhZMPnhzi9zP4V5RrRXsq25,TR7NHqjeKQxGTCi8q8ZY4pL8otSzgjLj6t,USDT,5000.000000000000000000,SUCCESS,CONFIRMED
afc48d3c6674b5dabb0ace4f138d314704f845be12d4a0a17d2b518b255fd8cd,72651403,2025-05-30 13:04:42,TD2EJXkr4aZ2bnkYfWez4AYWpUYWcYVGgE,TSpAswScHnu6WqJDaZzjWEA4ztPSzPRtPZ,TR7NHqjeKQxGTCi8q8ZY4pL8otSzgjLj6t,USDT,2.000900000000000000,SUCCESS,CONFIRMED
146140708674da0da58a5ad1d5a46302a72d64a71fd376d7a582d4c5ad22f8de,72651395,2025-05-30 13:04:18,TSpAswScHnu6WqJDaZzjWEA4ztPSzPRtPZ,TD2EDnLB2ap5deVpGjkRJXSiUKiRZYVGgE,TR7NHqjeKQxGTCi8q8ZY4pL8otSzgjLj6t,USDT,20000.000000000000000000,SUCCESS,CONFIRMED
d97809990516197643851eb5083f0e8e5d18ec5e33b6ba8ef560b23405810b05,72649127,2025-05-30 11:10:48,TRaa8yHXzJ5FoVqJNxzBFtbUNKaVwXx5E1,TSpAswScHnu6WqJDaZzjWEA4ztPSzPRtPZ,TR7NHqjeKQxGTCi8q8ZY4pL8otSzgjLj6t,USDT,100000.000000000000000000,SUCCESS,CONFIRMED
8a634c1b8ffe3bbf62102fca9af3d2b8a411396f6f4f6db5a155ea07d07fbfb1,72628683,2025-05-29 18:08:24,TSpAswScHnu6WqJDaZzjWEA4ztPSzPRtPZ,TD2EDnLB2ap5deVpGjkRJXSiUKiRZYVGgE,TR7NHqjeKQxGTCi8q8ZY4pL8otSzgjLj6t,USDT,15000.000000000000000000,SUCCESS,CONFIRMED
0dca93c0d8f643812933483a8e0c3635eaf739d930eacce022347ee4788326cb,72628558,2025-05-29 18:02:09,TD2ENgzbbYd4BuAWSbhrx1FFabyrgYVGgE,TSpAswScHnu6WqJDaZzjWEA4ztPSzPRtPZ,TR7NHqjeKQxGTCi8q8ZY4pL8otSzgjLj6t,USDT,0.050010000000000000,SUCCESS,CONFIRMED
e113b6d6d87af08012e044013f8c048274458b547f927665c62334b9b3bc2551,72628550,2025-05-29 18:01:45,TSpAswScHnu6WqJDaZzjWEA4ztPSzPRtPZ,TD2EDnLB2ap5deVpGjkRJXSiUKiRZYVGgE,TR7NHqjeKQxGTCi8q8ZY4pL8otSzgjLj6t,USDT,5000.000000000000000000,SUCCESS,CONFIRMED
b01fd889e3ca06881970d2b3cccd14cf8fecb117e67640aad08b5f7939947106,72592333,2025-05-28 11:49:33,TENs3QpmMFCawpEVk17h965XaFKUU7zBXN,TSpAswScHnu6WqJDaZzjWEA4ztPSzPRtPZ,TR7NHqjeKQxGTCi8q8ZY4pL8otSzgjLj6t,USDT,0.500900000000000000,SUCCESS,CONFIRMED
7634d3c3ed7eea308fb95b14be87df3373670f98f7f020c1b6a9d7d30fa8c2e2,72592325,2025-05-28 11:49:09,TSpAswScHnu6WqJDaZzjWEA4ztPSzPRtPZ,TENi9TAqTNgDx82KhkdsZcxhiSoHu7zBXN,TR7NHqjeKQxGTCi8q8ZY4pL8otSzgjLj6t,USDT,5000.000000000000000000,SUCCESS,CONFIRMED
e8e65e8fa86cc183b88769aa0906da0c9e4a23df88846c7b643db1950d20d3f9,72592306,2025-05-28 11:48:12,TH4QS9iheg3yVknhdxPN3NRffMNZxXsq25,TSpAswScHnu6WqJDaZzjWEA4ztPSzPRtPZ,TR7NHqjeKQxGTCi8q8ZY4pL8otSzgjLj6t,USDT,0.050010000000000000,SUCCESS,CONFIRMED
1f77707f387bbd922932e3098b7a6116a443533cb9f9bfcf01be4fdc5b87d20f,72592300,2025-05-28 11:47:54,TSpAswScHnu6WqJDaZzjWEA4ztPSzPRtPZ,TH4QQ9uTJP9NhZMPnhzi9zP4V5RrRXsq25,TR7NHqjeKQxGTCi8q8ZY4pL8otSzgjLj6t,USDT,5000.000000000000000000,SUCCESS,CONFIRMED
ae089962b34ce53578d27c53c0cbc76e71fea6a6b4bd8828b224bc163c10e824,72585490,2025-05-28 06:07:24,TD2EJXkr4aZ2bnkYfWez4AYWpUYWcYVGgE,TSpAswScHnu6WqJDaZzjWEA4ztPSzPRtPZ,TR7NHqjeKQxGTCi8q8ZY4pL8otSzgjLj6t,USDT,3.000900000000000000,SUCCESS,CONFIRMED
5b36a1a8e07150ea0493eb047510edd2bd519dc08368387c1dad5bb614c198f9,72585482,2025-05-28 06:07:00,TSpAswScHnu6WqJDaZzjWEA4ztPSzPRtPZ,TD2EDnLB2ap5deVpGjkRJXSiUKiRZYVGgE,TR7NHqjeKQxGTCi8q8ZY4pL8otSzgjLj6t,USDT,30000.000000000000000000,SUCCESS,CONFIRMED
914da02895f8d68361b07e0fe7766b84b72ce4e303987c27442ce11c9664f903,72585414,2025-05-28 06:03:36,TRaa8yHXzJ5FoVqJNxzBFtbUNKaVwXx5E1,TSpAswScHnu6WqJDaZzjWEA4ztPSzPRtPZ,TR7NHqjeKQxGTCi8q8ZY4pL8otSzgjLj6t,USDT,50000.000000000000000000,SUCCESS,CONFIRMED
789460893de739ec0f2ddb1ca35b19da13d99f89980ef2957cd58fb84852715f,72551938,2025-05-27 02:09:18,TD2yM8Zu6bLGyDVd9MAGDQpPvZ3RZYVGgE,TSpAswScHnu6WqJDaZzjWEA4ztPSzPRtPZ,TR7NHqjeKQxGTCi8q8ZY4pL8otSzgjLj6t,USDT,0.625001000000000000,SUCCESS,CONFIRMED
aa54efc4d5923f2e6c604d432135702627495057e96bb5b227435854ab2e832f,72551874,2025-05-27 02:06:06,TSpAswScHnu6WqJDaZzjWEA4ztPSzPRtPZ,TD2EDnLB2ap5deVpGjkRJXSiUKiRZYVGgE,TR7NHqjeKQxGTCi8q8ZY4pL8otSzgjLj6t,USDT,25000.000000000000000000,SUCCESS,CONFIRMED
857328203193a8e200012f2ea4b93d1cafb3d363af783df23ae0e21142545eb3,72531845,2025-05-26 09:24:21,TSpAswScHnu6WqJDaZzjWEA4ztPSzPRtPZ,TD2EDnLB2ap5deVpGjkRJXSiUKiRZYVGgE,TR7NHqjeKQxGTCi8q8ZY4pL8otSzgjLj6t,USDT,10000.000000000000000000,SUCCESS,CONFIRMED
5f7f060be0301ed95436b1eb1c04622667600afce5d85fbbaaf5a1f84fd31287,72531829,2025-05-26 09:23:33,TSpAswScHnu6WqJDaZzjWEA4ztPSzPRtPZ,TH4QQ9uTJP9NhZMPnhzi9zP4V5RrRXsq25,TR7NHqjeKQxGTCi8q8ZY4pL8otSzgjLj6t,USDT,5000.000000000000000000,SUCCESS,CONFIRMED
cf37f4230bbff7097f7e0bc64471f404cb13cc83121aa4f95f277fa00f4c8655,72525056,2025-05-26 03:44:48,TRaa8yHXzJ5FoVqJNxzBFtbUNKaVwXx5E1,TSpAswScHnu6WqJDaZzjWEA4ztPSzPRtPZ,TR7NHqjeKQxGTCi8q8ZY4pL8otSzgjLj6t,USDT,50000.000000000000000000,SUCCESS,CONFIRMED
071dcc4075ec839999048f7cdd28a6945c1164b934cd6a9b226b11f810f644bf,72510716,2025-05-25 15:47:36,TSpAswScHnu6WqJDaZzjWEA4ztPSzPRtPZ,TD2EDnLB2ap5deVpGjkRJXSiUKiRZYVGgE,TR7NHqjeKQxGTCi8q8ZY4pL8otSzgjLj6t,USDT,20000.000000000000000000,SUCCESS,CONFIRMED
3fe4ed7136ca6ce3002aaf74d43275c874f288203c44968390e76f1100a7b7b2,72474337,2025-05-24 09:28:09,TD2yM8Zu6bLGyDVd9MAGDQpPvZ3RZYVGgE,TSpAswScHnu6WqJDaZzjWEA4ztPSzPRtPZ,TR7NHqjeKQxGTCi8q8ZY4pL8otSzgjLj6t,USDT,0.050001000000000000,SUCCESS,CONFIRMED
b264bed6dca5642ad5bbf805cdbfedd54bafe46c697ced415b0b914dcf11370f,72474334,2025-05-24 09:28:00,TSpAswScHnu6WqJDaZzjWEA4ztPSzPRtPZ,TD2EDnLB2ap5deVpGjkRJXSiUKiRZYVGgE,TR7NHqjeKQxGTCi8q8ZY4pL8otSzgjLj6t,USDT,5000.000000000000000000,SUCCESS,CONFIRMED
6a0980720f46d65f6a17515ed79f1ae2032bf839f166bf1942f5fdd53687629a,72474246,2025-05-24 09:23:36,TF2GVKwjVchpEWs1TonJW8yP6HAcvAvG93,TSpAswScHnu6WqJDaZzjWEA4ztPSzPRtPZ,TR7NHqjeKQxGTCi8q8ZY4pL8otSzgjLj6t,USDT,25000.000000000000000000,SUCCESS,CONFIRMED
49a8906355fe7afda68674d8a9a8b681aa61a6d04127eaceb1d9c1658f2619c7,72455322,2025-05-23 17:37:06,TSpAswScHnu6WqJDaZzjWEA4ztPSzPRtPZ,TD2EDnLB2ap5deVpGjkRJXSiUKiRZYVGgE,TR7NHqjeKQxGTCi8q8ZY4pL8otSzgjLj6t,USDT,25000.000000000000000000,SUCCESS,CONFIRMED
b72a2b30a62320ad73e6ba403057c91dd35bbcdcd1fb57ef3fad8e8b38a21a20,72415805,2025-05-22 08:40:45,TD28vm13JL1HFq8kWs8P1YiubZWgZYVGgE,TSpAswScHnu6WqJDaZzjWEA4ztPSzPRtPZ,TR7NHqjeKQxGTCi8q8ZY4pL8otSzgjLj6t,USDT,2.500900000000000000,SUCCESS,CONFIRMED
b5538e1de3d94de3f5710821f1e24ad0a627b62df8aa29564cc96aed12a451c1,72415799,2025-05-22 08:40:27,TSpAswScHnu6WqJDaZzjWEA4ztPSzPRtPZ,TD2EDnLB2ap5deVpGjkRJXSiUKiRZYVGgE,TR7NHqjeKQxGTCi8q8ZY4pL8otSzgjLj6t,USDT,25000.000000000000000000,SUCCESS,CONFIRMED
2c07099fc6ed2f0b82d3d95199009719d6c3e198edd576af2f468170af03f8e6,72415677,2025-05-22 08:34:21,TF2GVKwjVchpEWs1TonJW8yP6HAcvAvG93,TSpAswScHnu6WqJDaZzjWEA4ztPSzPRtPZ,TR7NHqjeKQxGTCi8q8ZY4pL8otSzgjLj6t,USDT,50000.000000000000000000,SUCCESS,CONFIRMED
58eb7f70c855c1c4f0cd21d3a5aab294e6913bf6e8e9a7b8f6c62e6cdb4d46f1,72393174,2025-05-21 13:48:54,TSpAswScHnu6WqJDaZzjWEA4ztPSzPRtPZ,TH4QQ9uTJP9NhZMPnhzi9zP4V5RrRXsq25,TR7NHqjeKQxGTCi8q8ZY4pL8otSzgjLj6t,USDT,5000.000000000000000000,SUCCESS,CONFIRMED
3c0fa1e0cfa5d4bb5f84ed4a11b97ab32e2e5d5015303cbc503323e1e080a378,72373328,2025-05-20 21:16:06,TSpAswScHnu6WqJDaZzjWEA4ztPSzPRtPZ,TD2EDnLB2ap5deVpGjkRJXSiUKiRZYVGgE,TR7NHqjeKQxGTCi8q8ZY4pL8otSzgjLj6t,USDT,20000.000000000000000000,SUCCESS,CONFIRMED
019d470111c45ba675bd20b6645988e6b27bd5700d2de871cb2435650b66298b,72340957,2025-05-19 18:17:09,TD28vm13JL1HFq8kWs8P1YiubZWgZYVGgE,TSpAswScHnu6WqJDaZzjWEA4ztPSzPRtPZ,TR7NHqjeKQxGTCi8q8ZY4pL8otSzgjLj6t,USDT,2.500900000000000000,SUCCESS,CONFIRMED
c741aba1377462f322e6e583522c984da34a7d8e35879164734594e64904dc65,72340949,2025-05-19 18:16:45,TSpAswScHnu6WqJDaZzjWEA4ztPSzPRtPZ,TD2EDnLB2ap5deVpGjkRJXSiUKiRZYVGgE,TR7NHqjeKQxGTCi8q8ZY4pL8otSzgjLj6t,USDT,25000.000000000000000000,SUCCESS,CONFIRMED
5f8c822c54402018cd3c542abbc58efb6543fab6c2049d769ff89e207812badf,72329256,2025-05-19 08:31:54,TF2GVKwjVchpEWs1TonJW8yP6HAcvAvG93,TSpAswScHnu6WqJDaZzjWEA4ztPSzPRtPZ,TR7NHqjeKQxGTCi8q8ZY4pL8otSzgjLj6t,USDT,50000.000000000000000000,SUCCESS,CONFIRMED
4bf9df52809a17004aa371b0b86a7b0b8960d5c447bb434a9524c16bba72da4e,72329190,2025-05-19 08:28:36,TSpAswScHnu6WqJDaZzjWEA4ztPSzPRtPZ,TD2EDnLB2ap5deVpGjkRJXSiUKiRZYVGgE,TR7NHqjeKQxGTCi8q8ZY4pL8otSzgjLj6t,USDT,10000.000000000000000000,SUCCESS,CONFIRMED
7be936391bbdae09f157a4d32ce24d7c5e447ed0303950c16801d0716d9fb6e4,72309761,2025-05-18 16:16:51,TH4QS9iheg3yVknhdxPN3NRffMNZxXsq25,TSpAswScHnu6WqJDaZzjWEA4ztPSzPRtPZ,TR7NHqjeKQxGTCi8q8ZY4pL8otSzgjLj6t,USDT,0.050010000000000000,SUCCESS,CONFIRMED
db9224c70f7c46fa798ff873c368916cebc4063f65f831069ae038085789f3d2,72309753,2025-05-18 16:16:27,TSpAswScHnu6WqJDaZzjWEA4ztPSzPRtPZ,TH4QQ9uTJP9NhZMPnhzi9zP4V5RrRXsq25,TR7NHqjeKQxGTCi8q8ZY4pL8otSzgjLj6t,USDT,5000.000000000000000000,SUCCESS,CONFIRMED
fbf0432cc27f46627426daeb801732d1abb5053c60fa9f7ef86c50688b43b8fd,72300932,2025-05-18 08:55:18,TSpAswScHnu6WqJDaZzjWEA4ztPSzPRtPZ,TD2EDnLB2ap5deVpGjkRJXSiUKiRZYVGgE,TR7NHqjeKQxGTCi8q8ZY4pL8otSzgjLj6t,USDT,10000.000000000000000000,SUCCESS,CONFIRMED
e7fa428207dc7c7cf357f59e023991d431320fc1ec437f021547ddefb3e38eed,72300912,2025-05-18 08:54:18,TSpAswScHnu6WqJDaZzjWEA4ztPSzPRtPZ,TD2EDnLB2ap5deVpGjkRJXSiUKiRZYVGgE,TR7NHqjeKQxGTCi8q8ZY4pL8otSzgjLj6t,USDT,25000.000000000000000000,SUCCESS,CONFIRMED
dad47c94855282b60f1847da5e8c80addd2cee3459a900219e9071b4c0f40d2e,72300644,2025-05-18 08:40:54,TF2GVKwjVchpEWs1TonJW8yP6HAcvAvG93,TSpAswScHnu6WqJDaZzjWEA4ztPSzPRtPZ,TR7NHqjeKQxGTCi8q8ZY4pL8otSzgjLj6t,USDT,50000.000000000000000000,SUCCESS,CONFIRMED
040b8b906eada2af07cef6ef94e62b1e918c5e998dae5b68ad96e2d95a0e26ec,72300614,2025-05-18 08:39:24,TF2GVKwjVchpEWs1TonJW8yP6HAcvAvG93,TSpAswScHnu6WqJDaZzjWEA4ztPSzPRtPZ,TR7NHqjeKQxGTCi8q8ZY4pL8otSzgjLj6t,USDT,1.000000000000000000,SUCCESS,CONFIRMED
